Betreiber;Straße;Hausnummer;Adresszusatz;Postleitzahl;Ort;Bundesland;Kreis/kreisfreie Stadt;Breitengrad;Längengrad;Inbetriebnahmedatum;Nennleistung Ladeeinrichtung [kW];Art der Ladeeinrichung;Anzahl Ladepunkte;Steckertypen1;P1 [kW];Public Key1;Steckertypen2;P2 [kW];Public Key2;Steckertypen3;P3 [kW];Public Key3;Steckertypen4;P4 [kW];Public Key4
Stadtwerke Münster GmbH;Ritterstraße;38;;48143;Münster;Nordrhein-Westfalen;Kreisfreie Stadt Münster;51,964164;7,63198;07.03.2022;22;Normalladeeinrichtung;2;AC Steckdose Typ 2;22;;AC Steckdose Typ 2;22;;;;;;;
Stadtwerke Münster GmbH;Von-Steuben-Straße;9;;48143;Münster;Nordrhein-Westfalen;Kreisfreie Stadt Münster;51,95556;7,63326;28.03.2022;22;Normalladeeinrichtung;4;AC Steckdose Typ 2;22;;AC Steckdose Typ 2;22;;AC Steckdose Typ 2;22;;AC Steckdose Typ 2;22;
Stadtwerke Münster GmbH;Ludgeristraße;100;;48143;Münster;Nordrhein-Westfalen;Kreisfreie Stadt Münster;51,959686;7,62635;19.09.2022;22;Normalladeeinrichtung;2;AC Steckdose Typ 2, AC Schuko;11;;AC Steckdose Typ 2, AC Schuko;11;;;;;;;
Stadtwerke Münster GmbH;Ludgeriplatz;2;;48143;Münster;Nordrhein-Westfalen;Kreisfreie Stadt Münster;51,955681;7,627244;20.09.2022;22;Normalladeeinrichtung;2;AC Steckdose Typ 2, AC Schuko;11;;AC Steckdose Typ 2, AC Schuko;11;;;;;;;
Stadtwerke Münster GmbH;Alter Steinweg;21;;48143;Münster;Nordrhein-Westfalen;Kreisfreie Stadt Münster;51,962039;7,632006;21.09.2022;22;Normalladeeinrichtung;2;AC Steckdose Typ 2, AC Schuko;11;;AC Steckdose Typ 2, AC Schuko;11;;;;;;;
Stadtwerke Münster GmbH;Servatiplatz;0;;48143;Münster;Nordrhein-Westfalen;Kreisfreie Stadt Münster;51,959811;7,635289;22.09.2022;22;Normalladeeinrichtung;2;AC Steckdose Typ 2;11;;AC Steckdose Typ 2;11;;;;;;;
Stadtwerke Münster GmbH;Engelstraße;49;;48143;Münster;Nordrhein-Westfalen;Kreisfreie Stadt Münster;51,955953;7,631389;27.09.2022;22;Normalladeeinrichtung;2;AC Steckdose Typ 2;22;;AC Steckdose Typ 2;22;;;;;;;
Stadtwerke Münster GmbH;Engelstraße;49;;48143;Münster;Nordrhein-Westfalen;Kreisfreie Stadt Münster;51,955953;7,631389;27.09.2022;22;Normalladeeinrichtung;2;AC Steckdose Typ 2;22;;AC Steckdose Typ 2;22;;;;;;;
Hotel Guter Hirte GmbH;Mauritz-Lindenweg;61;;48145;Münster;Nordrhein-Westfalen;Kreisfreie Stadt Münster;51,9621201;7,6566247;13.12.2022;11;Normalladeeinrichtung;2;AC Steckdose Typ 2;11;4EFD 2D68 3DFD 37A6 9C44 8443 D6CD D2E4 D9B5 DB07 3A7C 5E8B 7C51 1D72 431D ED6C 426A 188D C3EC D6E5 EC60 683F 5F42 CFD4;AC Steckdose Typ 2;11;E92C FF7C 4982 2605 6AAF 615B 77E6 3F10 7B37 97C8 08CA 7F87 9151 83BB 2E84 568C 7BF3 6FC7 4586 1E28 8256 BCCB 4DF4 EABC;;;;;;
Knubel GmbH & Co. KG;Schiffahrter Damm;139;;48145;Münster;Nordrhein-Westfalen;Kreisfreie Stadt Münster;51,975384;7,657967;25.02.2021;39,6;Normalladeeinrichtung;2;DC Kupplung Combo;22;;AC Steckdose Typ 2;11;;;;;;;
Knubel GmbH & Co. KG;Schiffahrter Damm;139;Die Ladesäule befindet sich links am GW Platz;48145;Münster;Nordrhein-Westfalen;Kreisfreie Stadt Münster;51,975353;7,657877;21.09.2023;39,65;Normalladeeinrichtung;2;AC Steckdose Typ 2;11;;DC Kupplung Combo;22;;;;;;;
Stadtwerke Münster GmbH;Friedensstraße;1;;48145;Münster;Nordrhein-Westfalen;Kreisfreie Stadt Münster;51,961223;7,642513;18.08.2023;44;Normalladeeinrichtung;2;AC Steckdose Typ 2;22;;AC Steckdose Typ 2;22;;;;;;;
Stadtwerke Münster GmbH;Friedensstraße;1;;48145;Münster;Nordrhein-Westfalen;Kreisfreie Stadt Münster;51,961223;7,642513;30.08.2023;44;Normalladeeinrichtung;2;AC Steckdose Typ 2;22;;AC Steckdose Typ 2;22;;;;;;;
Stadtwerke Münster GmbH;Gereonstraße;32;;48145;Münster;Nordrhein-Westfalen;Kreisfreie Stadt Münster;51,963806;7,641609;08.09.2023;44;Normalladeeinrichtung;2;AC Steckdose Typ 2;22;;AC Steckdose Typ 2;22;;;;;;;
Stadtwerke Münster GmbH;Wasserstraße;5;;48147;Münster;Nordrhein-Westfalen;Kreisfreie Stadt Münster;51,966896;7,631083;14.03.2022;22;Normalladeeinrichtung;2;AC Steckdose Typ 2;22;;AC Steckdose Typ 2;22;;;;;;;
Stadtwerke Münster GmbH;Maximilianstraße;44;;48147;Münster;Nordrhein-Westfalen;Kreisfreie Stadt Münster;51,970129;7,629456;16.08.2023;44;Normalladeeinrichtung;2;AC Steckdose Typ 2;22;;AC Steckdose Typ 2;22;;;;;;;
VKA Pflegedienst GmbH;Kinderhauser Str.;158;;48147;Münster;Nordrhein-Westfalen;Kreisfreie Stadt Münster;51,982029;7,613994;24.11.2022;22;Normalladeeinrichtung;2;AC Steckdose Typ 2;22;;AC Steckdose Typ 2;22;;;;;;;
Westfalen AG;Bohlweg;72;;48147;Münster;Nordrhein-Westfalen;Kreisfreie Stadt Münster;51,967304;7,6431482;01.01.2021;72;Schnellladeeinrichtung;2;DC Kupplung Combo, DC CHAdeMO;50;;AC Steckdose Typ 2;22;;;;;;;
WSF Immobilienverwaltungs-GmbH & Co. KG;Albrecht-Thaer-Str.;2;;48147;Münster;Nordrhein-Westfalen;Kreisfreie Stadt Münster;51,9825;7,63736;22.11.2023;11;Normalladeeinrichtung;4;AC Steckdose Typ 2;11;;AC Steckdose Typ 2;11;;AC Steckdose Typ 2;11;;AC Steckdose Typ 2;11;
Aral Pulse;Steinfurter Straße;1-3;;48149;Münster;Nordrhein-Westfalen;Kreisfreie Stadt Münster;51,96862;7,61363;18.11.2021;300;Schnellladeeinrichtung;2;DC Kupplung Combo, DC CHAdeMO;300;;DC Kupplung Combo;300;;;;;;;
Aral Pulse;Steinfurter Straße;1-3;;48149;Münster;Nordrhein-Westfalen;Kreisfreie Stadt Münster;51,9686;7,61363;18.11.2021;300;Schnellladeeinrichtung;2;DC Kupplung Combo, DC CHAdeMO;300;;DC Kupplung Combo;300;;;;;;;
Aral Pulse;Steinfurter Straße;1-3;;48149;Münster;Nordrhein-Westfalen;Kreisfreie Stadt Münster;51,96862;7,61363;05.01.2023;300;Schnellladeeinrichtung;2;DC Kupplung Combo, DC CHAdeMO;300;;DC Kupplung Combo;300;;;;;;;
Dr Maasjost&Collegen AG;Wilhelm-Schickardstr.2;2;;48149;Münster;Nordrhein-Westfalen;Kreisfreie Stadt Münster;51,9754197;7,5937529;14.02.2023;44;Normalladeeinrichtung;2;AC Steckdose Typ 2;22;1: DE*EAZ*E0021*1: AE4E 1354 DDD3 95DA D8D3 2D7E 1FE2 B702 467F B3E3 FF2B DD7F CD30 C869 8905 4BFE 3A05 8100 FB2B E710 1D3A 0FA4 363B 79A5 Ladepunkt 2: DE*EAZ*E0021*2: E5CF B998 E92A 534D 78C8 4AEF 192A CC8F 1890 A641 4DC3 C8D1 906D FDEF 1974 5D38 6822 F67D 0069 79AB B142 4126 A2C5 1A69;AC Steckdose Typ 2;22;;;;;;;
Industrie- und Gewerbepark Mittelelbe GmbH;Annette-Allee;6-10;;48149;Münster;Nordrhein-Westfalen;Kreisfreie Stadt Münster;51,957928;7,612578;31.12.2023;22;Normalladeeinrichtung;2;AC Steckdose Typ 2;22;;AC Steckdose Typ 2;22;;;;;;;
LBS Nordwest;Himmelreichalle;40;;48149;Münster;Nordrhein-Westfalen;Kreisfreie Stadt Münster;51,9590064;7,614362059;06.03.2024;22;Normalladeeinrichtung;2;AC Steckdose Typ 2;22;dbb8 31ee eb4f 9664 ed88 f762 a1cf 857e 5037 5271 f531 758c cdf7 6934 562e c9a5 6ec1 11d1 1bef 8d15 4f49 0c76 818d 0eb9;AC Steckdose Typ 2;22;5d6a 766b b126 7bef fe9e 45d2 0a36 5105 ad34 6eff a961 ebdc 862e 64ee d3a6 b0a2 bf98 132c 63fe 4e3b 180b ac53 5965 b5d9;;;;;;
LBS Nordwest;Himmelreichallee;40;;48149;Münster;Nordrhein-Westfalen;Kreisfreie Stadt Münster;51,9599835;7,613736085;06.03.2024;22;Normalladeeinrichtung;2;AC Steckdose Typ 2;22;31ca 2aa1 d65d 9265 ed5d d9b2 4e12 3dcc 503f 2d54 3244 dd56 39d2 8501 585b f4d0 d0e8 fc10 98e6 22cc aff7 1088 9087 8861;AC Steckdose Typ 2;22;e41f b1ab 3228 af00 1dbb 7f16 9cdd 6529 cb9e 9638 4106 ba67 0d07 2767 7a49 4db7 8afb f426 c6b1 1eaf 8ed1 f205 6b10 ff62;;;;;;
LBS Nordwest;Himmelreichallee;40;;48149;Münster;Nordrhein-Westfalen;Kreisfreie Stadt Münster;51,95995172;7,613787654;06.03.2024;22;Normalladeeinrichtung;2;AC Steckdose Typ 2;22;5d86 3b89 773b 3e71 d52d 9403 a388 5e19 83d7 a9e6 4b28 908e 9397 aef6 ef6d f449 5faf 9c3f 66dc 47c8 9009 b888 c7bd d993;AC Steckdose Typ 2;22;a7dc 5943 8cb7 4895 9062 a0ab 69d8 dd16 632f b291 2f04 7f5b c4b8 d36e e7fd c96b ac19 f586 8973 fb63 30c9 b8fb 060e 6b75;;;;;;
LBS Nordwest;Himmelreichallee;40;;48149;Münster;Nordrhein-Westfalen;Kreisfreie Stadt Münster;51,9600113;7,613787654;06.03.2024;22;Normalladeeinrichtung;2;AC Steckdose Typ 2;22;03e9 4ad0 c041 ee51 36e1 237c ad7c f92b c072 81b6 a645 b535 c6b1 5392 b459 b76d 011f 9b20 4682 8ef1 fe7b 1a55 5e8b 327d;AC Steckdose Typ 2;22;7152 e7be fc99 c049 dca0 f5f5 6f28 afda a2ac fafe 026f ce3c a767 520e 46f4 735e 5fdd fc50 fa5f bb64 71bf 8c5e 4096 9da0;;;;;;
LBS Nordwest;Himmelreichallee;40;;48149;Münster;Nordrhein-Westfalen;Kreisfreie Stadt Münster;51,96000733;7,61382633;06.03.2024;22;Normalladeeinrichtung;2;AC Steckdose Typ 2;22;449b 8886 77ed 0225 c1c7 27c7 2666 e6c0 f3ec c47c 9a58 1d6e f10b 827d 7098 76f0 1a0d d716 ca3c 2718 9884 46a9 5b7e 0c79;AC Steckdose Typ 2;22;7641 53e5 7af3 39e9 38c8 58e6 6205 dd85 b300 a1b0 8fb8 052a d84b 8dc7 4e06 b11d 707b 088e 3964 b652 7254 5468 ef7c 0dbf;;;;;;
Q1 Autostrom;Mendelstraße;11;;48149;Münster;Nordrhein-Westfalen;Kreisfreie Stadt Münster;51,97007887;7,590982458;20.02.2023;22;Normalladeeinrichtung;2;AC Steckdose Typ 2;22;3059301306072a8648ce3d020106082a8648ce3d030107034200048d35e81f1ead8caacf6e744fd66c32eecb86c74d99f9f9dcbb8265eb626cfbf214ddf428ba00de7c704e94b9d2c950938f2f1d76b8c295482e19a380592ee9b9;AC Steckdose Typ 2;22;3059301306072a8648ce3d020106082a8648ce3d030107034200044b604a1991598d4f39e68524608a85647bf7d75cd967401868f3d686dcc17551c27d75f81b7c0b2d0215b23eb6441ef4c31da371275eff1185f9462389760c9a;;;;;;
Q1 Autostrom;Mendelstraße;11;;48149;Münster;Nordrhein-Westfalen;Kreisfreie Stadt Münster;51,97007887;7,590845665;20.02.2023;22;Normalladeeinrichtung;2;AC Steckdose Typ 2;22;3059301306072a8648ce3d020106082a8648ce3d0301070342000403b0831db1bc5000680f6073cef7e4e7d04c14b9a7502466ca894f487d20838cb9bd196d06b7470fc94689016084dd8bede90ee7ecb7e333ed045b9c100ff253;AC Steckdose Typ 2;22;3059301306072a8648ce3d020106082a8648ce3d03010703420004874683c5d5584953f205012b526541b7566e99f1b4741f521ab7bf23601ddf08d3ace82d234dd7a93cf2b882e90e74c83f39516a5ecab5745cc565ce785778f1;;;;;;
Q1 Autostrom;Mendelstraße;11;;48149;Münster;Nordrhein-Westfalen;Kreisfreie Stadt Münster;51,97012844;7,590952953;20.02.2023;22;Normalladeeinrichtung;2;AC Steckdose Typ 2;22;3059301306072a8648ce3d020106082a8648ce3d03010703420004f3b4e367124edd4595a3094f2ac33e86909c891080098228ba04ba2f28d660be294464fbd7e12c6129a0c60486737d9d47c7b16892b0f253ec8239c06bac3ef3;AC Steckdose Typ 2;22;3059301306072a8648ce3d020106082a8648ce3d0301070342000410cc13c50721945a34a241298e7f42f27207287da4c46eb1ca8d4e37c15b15e32149c624346cb67310c73d10d2504e44f943c84486b66805a71de28182dc8a24;;;;;;
Q1 Autostrom;Mendelstraße;11;;48149;Münster;Nordrhein-Westfalen;Kreisfreie Stadt Münster;51,97011418;7,590868266;20.02.2023;22;Normalladeeinrichtung;2;AC Steckdose Typ 2;22;3059301306072a8648ce3d020106082a8648ce3d030107034200041db1e94a6f395c0aba45a4b4ec126a2fb53c988a34d801534873aa74b0c99f43b24de0fe1e9924a74238f6c0ce32950edd737de61ef68a7463042fb3079c757f;AC Steckdose Typ 2;22;3059301306072a8648ce3d020106082a8648ce3d03010703420004ea67e93f1e88ef852c6c0fec4bba326c68c5ea1f20ffeb5d500cec4131fb81e65aa54a78a6cbd6bbf512d690ef15dca3e61b09d357588e619342c60daedc361e;;;;;;
Stadtwerke Münster GmbH;Albert-Schweitzer-Campus;1;;48149;Münster;Nordrhein-Westfalen;Kreisfreie Stadt Münster;51,961886;7,596564;07.03.2022;22;Normalladeeinrichtung;4;AC Steckdose Typ 2;22;;AC Steckdose Typ 2;22;;AC Steckdose Typ 2;22;;AC Steckdose Typ 2;22;
Stadtwerke Münster GmbH;Grevener Straße;61;;48149;Münster;Nordrhein-Westfalen;Kreisfreie Stadt Münster;51,9715;7,612086;16.09.2022;22;Normalladeeinrichtung;1;AC Steckdose Typ 2, AC Schuko;11;;;;;;;;;;
Stadtwerke Münster GmbH;Johann-Krane-Weg;18;;48149;Münster;Nordrhein-Westfalen;Kreisfreie Stadt Münster;51,975428;7,599331;27.09.2022;22;Normalladeeinrichtung;2;AC Steckdose Typ 2;11;;AC Steckdose Typ 2;11;;;;;;;
Stadtwerke Münster GmbH;Waldeyer Straße;28;;48149;Münster;Nordrhein-Westfalen;Kreisfreie Stadt Münster;51,959332;7,597861;11.08.2023;88;Normalladeeinrichtung;4;AC Steckdose Typ 2;22;;AC Steckdose Typ 2;22;;AC Steckdose Typ 2;22;;AC Steckdose Typ 2;22;
Westfalen AG;Johann-Krane-Weg;0;Tiefgarage;48149;Münster;Nordrhein-Westfalen;Kreisfreie Stadt Münster;51,97616979;7,59946225;28.09.2023;11;Normalladeeinrichtung;1;AC Steckdose Typ 2;11;;;;;;;;;;
Westfalen AG;Johann-Krane-Weg;0;Tiefgarage;48149;Münster;Nordrhein-Westfalen;Kreisfreie Stadt Münster;51,97616979;7,59946225;28.09.2023;11;Normalladeeinrichtung;1;AC Steckdose Typ 2;11;;;;;;;;;;
Westfalen AG;Johann-Krane-Weg;0;Tiefgarage;48149;Münster;Nordrhein-Westfalen;Kreisfreie Stadt Münster;51,97616979;7,59946225;28.09.2023;11;Normalladeeinrichtung;1;AC Steckdose Typ 2;11;;;;;;;;;;
Westfalen AG;Johann-Krane-Weg;0;Tiefgarage;48149;Münster;Nordrhein-Westfalen;Kreisfreie Stadt Münster;51,97616979;7,59946225;28.09.2023;11;Normalladeeinrichtung;1;AC Steckdose Typ 2;11;;;;;;;;;;
Westfalen AG;Johann-Krane-Weg;0;Tiefgarage;48149;Münster;Nordrhein-Westfalen;Kreisfreie Stadt Münster;51,97616979;7,59946225;28.09.2023;11;Normalladeeinrichtung;1;AC Steckdose Typ 2;11;;;;;;;;;;
Westfalen AG;Johann-Krane-Weg;0;Tiefgarage;48149;Münster;Nordrhein-Westfalen;Kreisfreie Stadt Münster;51,97616979;7,59946225;28.09.2023;11;Normalladeeinrichtung;1;AC Steckdose Typ 2;11;;;;;;;;;;
Westfalen AG;Johann-Krane-Weg;0;Tiefgarage;48149;Münster;Nordrhein-Westfalen;Kreisfreie Stadt Münster;51,97616979;7,59946225;28.09.2023;11;Normalladeeinrichtung;1;AC Steckdose Typ 2;11;;;;;;;;;;
Westfalen AG;Johann-Krane-Weg;0;Tiefgarage;48149;Münster;Nordrhein-Westfalen;Kreisfreie Stadt Münster;51,97616979;7,59946225;28.09.2023;11;Normalladeeinrichtung;1;AC Steckdose Typ 2;11;;;;;;;;;;
Westfalen AG;Johann-Krane-Weg;0;Tiefgarage;48149;Münster;Nordrhein-Westfalen;Kreisfreie Stadt Münster;51,97616979;7,59946225;28.09.2023;11;Normalladeeinrichtung;1;AC Steckdose Typ 2;11;;;;;;;;;;
Westfalen AG;Johann-Krane-Weg;0;Tiefgarage;48149;Münster;Nordrhein-Westfalen;Kreisfreie Stadt Münster;51,97616979;7,59946225;28.09.2023;11;Normalladeeinrichtung;1;AC Steckdose Typ 2;11;;;;;;;;;;
Westfalen AG;Johann-Krane-Weg;0;Tiefgarage;48149;Münster;Nordrhein-Westfalen;Kreisfreie Stadt Münster;51,97616979;7,59946225;28.09.2023;11;Normalladeeinrichtung;1;AC Steckdose Typ 2;11;;;;;;;;;;
Westfalen AG;Johann-Krane-Weg;0;Tiefgarage;48149;Münster;Nordrhein-Westfalen;Kreisfreie Stadt Münster;51,97616979;7,59946225;28.09.2023;11;Normalladeeinrichtung;1;AC Steckdose Typ 2;11;;;;;;;;;;
Westfalen AG;Johann-Krane-Weg;0;Tiefgarage;48149;Münster;Nordrhein-Westfalen;Kreisfreie Stadt Münster;51,97616979;7,59946225;28.09.2023;11;Normalladeeinrichtung;1;AC Steckdose Typ 2;11;;;;;;;;;;
Westfalen AG;Johann-Krane-Weg;0;Tiefgarage;48149;Münster;Nordrhein-Westfalen;Kreisfreie Stadt Münster;51,97616979;7,59946225;28.09.2023;11;Normalladeeinrichtung;1;AC Steckdose Typ 2;11;;;;;;;;;;
Westfalen AG;Johann-Krane-Weg;0;Tiefgarage;48149;Münster;Nordrhein-Westfalen;Kreisfreie Stadt Münster;51,97616979;7,59946225;28.09.2023;11;Normalladeeinrichtung;1;AC Steckdose Typ 2;11;;;;;;;;;;
Westfalen AG;Johann-Krane-Weg;0;Tiefgarage;48149;Münster;Nordrhein-Westfalen;Kreisfreie Stadt Münster;51,97616979;7,59946225;28.09.2023;11;Normalladeeinrichtung;1;AC Steckdose Typ 2;11;;;;;;;;;;
Westfalen AG;Johann-Krane-Weg;0;Tiefgarage;48149;Münster;Nordrhein-Westfalen;Kreisfreie Stadt Münster;51,97616979;7,59946225;28.09.2023;11;Normalladeeinrichtung;1;AC Steckdose Typ 2;11;;;;;;;;;;
Westfalen AG;Johann-Krane-Weg;0;Tiefgarage;48149;Münster;Nordrhein-Westfalen;Kreisfreie Stadt Münster;51,97616979;7,59946225;28.09.2023;11;Normalladeeinrichtung;1;AC Steckdose Typ 2;11;;;;;;;;;;
Westfalen AG;Johann-Krane-Weg;0;Tiefgarage;48149;Münster;Nordrhein-Westfalen;Kreisfreie Stadt Münster;51,97616979;7,59946225;28.09.2023;11;Normalladeeinrichtung;1;AC Steckdose Typ 2;11;;;;;;;;;;
Westfalen AG;Johann-Krane-Weg;0;Tiefgarage;48149;Münster;Nordrhein-Westfalen;Kreisfreie Stadt Münster;51,97616979;7,59946225;28.09.2023;11;Normalladeeinrichtung;1;AC Steckdose Typ 2;11;;;;;;;;;;
Westfalen AG;Johann-Krane-Weg;0;Tiefgarage;48149;Münster;Nordrhein-Westfalen;Kreisfreie Stadt Münster;51,97616979;7,59946225;28.09.2023;11;Normalladeeinrichtung;1;AC Steckdose Typ 2;11;;;;;;;;;;
Westfalen AG;Johann-Krane-Weg;0;Tiefgarage;48149;Münster;Nordrhein-Westfalen;Kreisfreie Stadt Münster;51,97616979;7,59946225;28.09.2023;11;Normalladeeinrichtung;1;AC Steckdose Typ 2;11;;;;;;;;;;
Westfalen AG;Johann-Krane-Weg;0;Tiefgarage;48149;Münster;Nordrhein-Westfalen;Kreisfreie Stadt Münster;51,97616979;7,59946225;28.09.2023;11;Normalladeeinrichtung;1;AC Steckdose Typ 2;11;;;;;;;;;;
Westfalen AG;Johann-Krane-Weg;0;Tiefgarage;48149;Münster;Nordrhein-Westfalen;Kreisfreie Stadt Münster;51,97616979;7,59946225;28.09.2023;11;Normalladeeinrichtung;1;AC Steckdose Typ 2;11;;;;;;;;;;
Westfalen AG;Johann-Krane-Weg;0;Tiefgarage;48149;Münster;Nordrhein-Westfalen;Kreisfreie Stadt Münster;51,97616979;7,59946225;28.09.2023;11;Normalladeeinrichtung;1;AC Steckdose Typ 2;11;;;;;;;;;;
Westfalen AG;Johann-Krane-Weg;0;Tiefgarage;48149;Münster;Nordrhein-Westfalen;Kreisfreie Stadt Münster;51,97616979;7,59946225;28.09.2023;11;Normalladeeinrichtung;1;AC Steckdose Typ 2;11;;;;;;;;;;
Westfalen AG;Johann-Krane-Weg;0;Tiefgarage;48149;Münster;Nordrhein-Westfalen;Kreisfreie Stadt Münster;51,97616979;7,59946225;28.09.2023;11;Normalladeeinrichtung;1;AC Steckdose Typ 2;11;;;;;;;;;;
Westfalen AG;Johann-Krane-Weg;0;Tiefgarage;48149;Münster;Nordrhein-Westfalen;Kreisfreie Stadt Münster;51,97616979;7,59946225;28.09.2023;11;Normalladeeinrichtung;1;AC Steckdose Typ 2;11;;;;;;;;;;
EWE Go GmbH;Weseler Str.;60;;48151;Münster;Nordrhein-Westfalen;Kreisfreie Stadt Münster;51,952144;7,618466;24.04.2023;160;Schnellladeeinrichtung;2;DC Kupplung Combo;160;;DC Kupplung Combo;160;;;;;;;
Stadtwerke Münster GmbH;Kappenberger Damm;149;;48151;Münster;Nordrhein-Westfalen;Kreisfreie Stadt Münster;51,93146;7,607063;03.08.2020;44;Normalladeeinrichtung;2;AC Steckdose Typ 2;22;;AC Steckdose Typ 2;22;;;;;;;
Stadtwerke Münster GmbH;Sentmaringer Weg;108;;48151;Münster;Nordrhein-Westfalen;Kreisfreie Stadt Münster;51,9457455;7,6217061;05.12.2022;22;Normalladeeinrichtung;2;AC Steckdose Typ 2;22;;AC Steckdose Typ 2;22;;;;;;;
Stadtwerke Münster GmbH;Geiststraße;110;;48151;Münster;Nordrhein-Westfalen;Kreisfreie Stadt Münster;51,945723;7,621709;23.01.2023;22;Normalladeeinrichtung;2;AC Steckdose Typ 2;22;;AC Steckdose Typ 2;22;;;;;;;
Stadtwerke Münster GmbH;Hoppendamm;1;;48151;Münster;Nordrhein-Westfalen;Kreisfreie Stadt Münster;51,953154;7,614271;14.04.2023;22;Normalladeeinrichtung;2;AC Steckdose Typ 2;22;;AC Steckdose Typ 2;22;;;;;;;
Stadtwerke Münster GmbH;Hoppendamm;1;;48151;Münster;Nordrhein-Westfalen;Kreisfreie Stadt Münster;51,95316;7,6142739;21.04.2023;44;Normalladeeinrichtung;2;AC Steckdose Typ 2;22;;AC Steckdose Typ 2;22;;;;;;;
Studierendenwerk Münster AöR;Bismarckallee;5;;48151;Münster;Nordrhein-Westfalen;Kreisfreie Stadt Münster;51,955691;7,617707;22.12.2022;22;Normalladeeinrichtung;2;AC Steckdose Typ 2;11;;AC Steckdose Typ 2;11;;;;;;;
Westfalen AG;Weselerstraße;212;;48151;Münster;Nordrhein-Westfalen;Kreisfreie Stadt Münster;51,942709;7,6106554;17.12.2021;75;Schnellladeeinrichtung;1;DC Kupplung Combo;75;;;;;;;;;;
L. Stroetmann Lebensmittel GmbH & Co. KG;Friedrich-Ebert-Straße;143;;48153;Münster;Nordrhein-Westfalen;Kreisfreie Stadt Münster;51,944284;7,630839;16.03.2020;22;Normalladeeinrichtung;2;AC Steckdose Typ 2;22;;AC Steckdose Typ 2;22;;;;;;;
Lidl;Hammer Straße;148;;48153;Münster;Nordrhein-Westfalen;Kreisfreie Stadt Münster;51,942816;7,623937;28.02.2022;72;Schnellladeeinrichtung;3;AC Kupplung Typ 2, DC Kupplung Combo;50;;AC Kupplung Typ 2, DC CHAdeMO;50;;AC Steckdose Typ 2, AC Kupplung Typ 2;11;;;;
Mauri Bowling Münster GmbH;Trauttmansdorffstr.;101;;48153;Münster;Nordrhein-Westfalen;Kreisfreie Stadt Münster;51,924533;7,632673;21.03.2023;44;Normalladeeinrichtung;2;AC Steckdose Typ 2;22;;AC Kupplung Typ 2;22;;;;;;;
Mauri Bowling Münster GmbH;Trauttmansdorffstr.;101;;48153;Münster;Nordrhein-Westfalen;Kreisfreie Stadt Münster;51,924533;7,632673;21.03.2023;44;Normalladeeinrichtung;2;AC Kupplung Typ 2;22;;AC Kupplung Typ 2;22;;;;;;;
Senger Münster GmbH;Hammer;0;;48153;Münster;Nordrhein-Westfalen;Kreisfreie Stadt Münster;51,944084;7,624275;20.01.2022;39,6;Normalladeeinrichtung;2;DC Kupplung Combo;22;;AC Steckdose Typ 2;11;;;;;;;
Stadtwerke Münster GmbH;Düesbergweg;124;;48153;Münster;Nordrhein-Westfalen;Kreisfreie Stadt Münster;51,9325;7,61563;26.11.2021;22;Normalladeeinrichtung;4;AC Steckdose Typ 2;22;;AC Steckdose Typ 2;22;;AC Steckdose Typ 2;22;;AC Steckdose Typ 2;22;
Stadtwerke Münster GmbH;Robert-Bosch-Straße;17;;48153;Münster;Nordrhein-Westfalen;Kreisfreie Stadt Münster;51,93649;7,63503;25.07.2022;22;Normalladeeinrichtung;2;AC Kupplung Typ 2;22;;AC Kupplung Typ 2;22;;;;;;;
Stadtwerke Münster GmbH;Hammer Straße;420;;48153;Münster;Nordrhein-Westfalen;Kreisfreie Stadt Münster;51,924419;7,628809;14.08.2023;44;Normalladeeinrichtung;2;AC Steckdose Typ 2;22;;AC Steckdose Typ 2;22;;;;;;;
AGRAVIS;Industrieweg;110;;48155;Münster;Nordrhein-Westfalen;Kreisfreie Stadt Münster;51,94128085;7,634689513;01.12.2022;44;Normalladeeinrichtung;4;AC Steckdose Typ 2;11;;AC Steckdose Typ 2;11;;AC Steckdose Typ 2;11;;AC Steckdose Typ 2;11;
AGRAVIS;Industrieweg;110;;48155;Münster;Nordrhein-Westfalen;Kreisfreie Stadt Münster;51,94128085;7,634689513;01.12.2022;44;Normalladeeinrichtung;4;AC Steckdose Typ 2;11;;AC Steckdose Typ 2;11;;AC Steckdose Typ 2;11;;AC Steckdose Typ 2;11;
AGRAVIS;Industrieweg;110;;48155;Münster;Nordrhein-Westfalen;Kreisfreie Stadt Münster;51,94128085;7,634689513;01.12.2022;44;Normalladeeinrichtung;4;AC Steckdose Typ 2;11;;AC Steckdose Typ 2;11;;AC Steckdose Typ 2;11;;AC Steckdose Typ 2;11;
AGRAVIS;Industrieweg;110;;48155;Münster;Nordrhein-Westfalen;Kreisfreie Stadt Münster;51,94128085;7,634689513;01.12.2022;44;Normalladeeinrichtung;4;AC Steckdose Typ 2;11;;AC Steckdose Typ 2;11;;AC Steckdose Typ 2;11;;AC Steckdose Typ 2;11;
Charge Construct GmbH;Dornierweg;12;Gautzsch_1_Mennekes;48155;Münster;Nordrhein-Westfalen;Kreisfreie Stadt Münster;51,928995;7,644754;16.09.2022;22;Normalladeeinrichtung;2;AC Steckdose Typ 2, AC Kupplung Typ 2;22;;AC Steckdose Typ 2, AC Kupplung Typ 2;22;;;;;;;
Charge Construct GmbH;Dornierweg;12;Gautzsch_2_Mennekes;48155;Münster;Nordrhein-Westfalen;Kreisfreie Stadt Münster;51,928995;7,644754;16.09.2022;22;Normalladeeinrichtung;2;AC Steckdose Typ 2, AC Kupplung Typ 2;22;;AC Steckdose Typ 2, AC Kupplung Typ 2;22;;;;;;;
Charge Construct GmbH;Dornierweg;12;Gautzsch_3_Mennekes;48155;Münster;Nordrhein-Westfalen;Kreisfreie Stadt Münster;51,928995;7,644754;16.09.2022;22;Normalladeeinrichtung;2;AC Steckdose Typ 2, AC Kupplung Typ 2;22;;AC Steckdose Typ 2, AC Kupplung Typ 2;22;;;;;;;
Charge Construct GmbH;Dornierweg;12;Gautzsch_4_Mennekes;48155;Münster;Nordrhein-Westfalen;Kreisfreie Stadt Münster;51,928995;7,644754;16.09.2022;22;Normalladeeinrichtung;2;AC Steckdose Typ 2, AC Kupplung Typ 2;22;;AC Steckdose Typ 2, AC Kupplung Typ 2;22;;;;;;;
EnKL GmbH;Egbert-Snoek-Straße;1;;48155;Münster;Nordrhein-Westfalen;Kreisfreie Stadt Münster;51,940537;7,649798;31.01.2020;22;Normalladeeinrichtung;2;AC Steckdose Typ 2;22;;AC Steckdose Typ 2;22;;;;;;;
EnKL GmbH;Egbert-Snoek-Straße;1;;48155;Münster;Nordrhein-Westfalen;Kreisfreie Stadt Münster;51,940537;7,649798;31.01.2020;22;Normalladeeinrichtung;2;AC Steckdose Typ 2;22;;AC Steckdose Typ 2;22;;;;;;;
EnKL GmbH;Loddenheide;5;;48155;Münster;Nordrhein-Westfalen;Kreisfreie Stadt Münster;51,938871;7,646728;31.01.2020;22;Normalladeeinrichtung;2;AC Steckdose Typ 2;22;;AC Steckdose Typ 2;22;;;;;;;
EnKL GmbH;Loddenheide;5;;48155;Münster;Nordrhein-Westfalen;Kreisfreie Stadt Münster;51,938871;7,646728;31.01.2020;22;Normalladeeinrichtung;2;AC Steckdose Typ 2;22;;AC Steckdose Typ 2;22;;;;;;;
FIN Green;Lippstädter Str.;42;;48155;Münster;Nordrhein-Westfalen;Kreisfreie Stadt Münster;51,9479677;7,635707178;27.07.2023;22;Normalladeeinrichtung;2;AC Steckdose Typ 2;11;;AC Steckdose Typ 2;11;;;;;;;
GLS Mobility GmbH;Laerer Landweg ;152/154;;48155;Münster;Nordrhein-Westfalen;Kreisfreie Stadt Münster;51,95427932;7,668689269;30.09.2021;22;Normalladeeinrichtung;2;AC Steckdose Typ 2;22;;AC Steckdose Typ 2;22;;;;;;;
Stadtwerke Münster GmbH;Kiesekamps Mühle;1;;48155;Münster;Nordrhein-Westfalen;Kreisfreie Stadt Münster;51,949327;7,641078;29.10.2019;44;Normalladeeinrichtung;2;AC Steckdose Typ 2;22;;AC Steckdose Typ 2;22;;;;;;;
Stadtwerke Münster GmbH;Kiesekamps Mühle;1;;48155;Münster;Nordrhein-Westfalen;Kreisfreie Stadt Münster;51,949327;7,641078;29.10.2019;44;Normalladeeinrichtung;2;AC Steckdose Typ 2;22;;AC Steckdose Typ 2;22;;;;;;;
Stadtwerke Münster GmbH;Kiesekamps Mühle;1;;48155;Münster;Nordrhein-Westfalen;Kreisfreie Stadt Münster;51,949327;7,641078;29.10.2019;44;Normalladeeinrichtung;2;AC Steckdose Typ 2;22;;AC Steckdose Typ 2;22;;;;;;;
Stadtwerke Münster GmbH;Kiesekamps Mühle;1;;48155;Münster;Nordrhein-Westfalen;Kreisfreie Stadt Münster;51,949327;7,641078;29.10.2019;44;Normalladeeinrichtung;2;AC Steckdose Typ 2;22;;AC Steckdose Typ 2;22;;;;;;;
Stadtwerke Münster GmbH;Kiesekamps Mühle;1;;48155;Münster;Nordrhein-Westfalen;Kreisfreie Stadt Münster;51,949327;7,641078;29.10.2019;44;Normalladeeinrichtung;2;AC Steckdose Typ 2;22;;AC Steckdose Typ 2;22;;;;;;;
Stadtwerke Münster GmbH;Kiesekamps Mühle;1;;48155;Münster;Nordrhein-Westfalen;Kreisfreie Stadt Münster;51,949327;7,641078;29.10.2019;150;Schnellladeeinrichtung;1;DC Kupplung Combo, DC CHAdeMO;150;;;;;;;;;;
Stadtwerke Münster GmbH;Gustav-Stresemann-Weg;62;;48155;Münster;Nordrhein-Westfalen;Kreisfreie Stadt Münster;51,939792;7,647657;29.10.2019;44;Normalladeeinrichtung;2;AC Steckdose Typ 2;22;;AC Steckdose Typ 2;22;;;;;;;
Stadtwerke Münster GmbH;Hafenplatz;2;;48155;Münster;Nordrhein-Westfalen;Kreisfreie Stadt Münster;51,951548;7,636888;18.10.2021;22;Normalladeeinrichtung;4;AC Steckdose Typ 2;22;;AC Steckdose Typ 2;22;;AC Steckdose Typ 2;22;;AC Steckdose Typ 2;22;
Stadtwerke Münster GmbH;Am Mittelhafen;20;;48155;Münster;Nordrhein-Westfalen;Kreisfreie Stadt Münster;51,9511;7,64209;05.11.2021;22;Normalladeeinrichtung;2;AC Steckdose Typ 2;22;;AC Steckdose Typ 2;22;;;;;;;
Stadtwerke Münster GmbH;Albersloher Weg;2;;48155;Münster;Nordrhein-Westfalen;Kreisfreie Stadt Münster;51,952128;7,636061;17.01.2022;22;Normalladeeinrichtung;2;AC Steckdose Typ 2;22;;AC Steckdose Typ 2;22;;;;;;;
Stadtwerke Münster GmbH;Theodor-Scheiwe-Straße;1;;48155;Münster;Nordrhein-Westfalen;Kreisfreie Stadt Münster;51,9457;7,64628;02.05.2022;22;Normalladeeinrichtung;4;AC Steckdose Typ 2;22;;AC Steckdose Typ 2;22;;AC Steckdose Typ 2;22;;AC Steckdose Typ 2;22;
Stadtwerke Münster GmbH;Theodor-Scheiwe-Straße;1;;48155;Münster;Nordrhein-Westfalen;Kreisfreie Stadt Münster;51,9457;7,64628;02.05.2022;22;Normalladeeinrichtung;4;AC Steckdose Typ 2;22;;AC Steckdose Typ 2;22;;AC Steckdose Typ 2;22;;AC Steckdose Typ 2;22;
Stadtwerke Münster GmbH;Loddenheide;45;;48155;Münster;Nordrhein-Westfalen;Kreisfreie Stadt Münster;51,932021;7,64577;29.08.2022;44;Normalladeeinrichtung;2;AC Steckdose Typ 2;22;;AC Steckdose Typ 2;22;;;;;;;
Stadtwerke Münster GmbH;Albersloher Weg;32;;48155;Münster;Nordrhein-Westfalen;Kreisfreie Stadt Münster;51,948579;7,637086;01.02.2024;44;Normalladeeinrichtung;2;AC Steckdose Typ 2;22;;AC Steckdose Typ 2;22;;;;;;;
Stadtwerke Münster GmbH;Albersloher Weg;32;;48155;Münster;Nordrhein-Westfalen;Kreisfreie Stadt Münster;51,948579;7,637086;01.02.2024;44;Normalladeeinrichtung;2;AC Steckdose Typ 2;22;;AC Steckdose Typ 2;22;;;;;;;
Vonovia Energie Service GmbH;Laerer Landweg;152/154;;48155;Münster;Nordrhein-Westfalen;Kreisfreie Stadt Münster;51,95435;7,6687;18.06.2021;22;Normalladeeinrichtung;2;AC Steckdose Typ 2;22;;AC Steckdose Typ 2;22;;;;;;;
Citywatt GmbH;Handorfer Straße;105;;48157;Münster;Nordrhein-Westfalen;Kreisfreie Stadt Münster;51,97872477;7,705262303;29.10.2021;300;Schnellladeeinrichtung;3;DC Kupplung Combo;300;3056301006072A8648CE3D020106052B8104000A03420004AD2F480640853B20BF796C7A95185B43C849F1E6D32E802AB351EF9940CC358D688D8F2F8EA4E85A344106E8808A128B371DF3241BE9AD5102DC836BCA2CADC4;DC Kupplung Combo;300;3056301006072A8648CE3D020106052B8104000A034200046F5559454B0A824820FB034E2C1F563876BEAFB8467241CF90C1282351FBB012CBBFA199C84BA7D674CFDBE0B09E96679E2DF0889BC87C3A1BF7E9E0CBB082F8;AC Steckdose Typ 2;22;3056301006072A8648CE3D020106052B8104000A03420004D7D86E175B32B2330234C348D4B7D5C8B4CBA39AB24F5C66C05A637C6CEB3253DAF8339E3174888BBD5D04B3CE0BD94BCBECAFA9810AE9E1DF539C21D1DAE2E1;;;
Citywatt GmbH;Handorfer Straße;105;;48157;Münster;Nordrhein-Westfalen;Kreisfreie Stadt Münster;51,97874129;7,705315948;29.10.2021;300;Schnellladeeinrichtung;2;DC Kupplung Combo;300;3056301006072A8648CE3D020106052B8104000A03420004B12ACAE7EC77FCEFCCC6ECF48386CF4758322F8C5158C523A07B1C2EAC2FD6B1F25F2CCE673AB63C3BE3135615140BACC7D6F7B0171EECB35AD1BBF9E5A3F677;DC Kupplung Combo;300;3056301006072A8648CE3D020106052B8104000A034200044232DD776A69461BEFA5EDF34A8DE68F34B07E8E75D52CE90BA9F69148B087D266183935BABE6D8E391D028C5F9579E846672F5E69E77575FE0C565A7692AE8F;;;;;;
Citywatt GmbH;Handorfer Straße;105;;48157;Münster;Nordrhein-Westfalen;Kreisfreie Stadt Münster;51,9787479;7,705401778;29.10.2021;300;Schnellladeeinrichtung;2;DC Kupplung Combo;300;3056301006072A8648CE3D020106052B8104000A0342000495A73EC33080F932792F014C3F2C36FDD745FEBCC3D65440211B883478BA1B771B5634B74338BB17306BE53DA21BBCD32CE20F5658103D3935151244529BCFFB;DC Kupplung Combo;300;3056301006072A8648CE3D020106052B8104000A0342000427D9D9E8835C80E7C6FB31034C3B6862F262CFFDB0950A26A91DDF49A8A30CC47201C32B57F467EE1957B6233FEA91698F4F6D74F6A2FB7EF2700F7612E80C7B;;;;;;
Citywatt GmbH;Handorfer Straße;105;;48157;Münster;Nordrhein-Westfalen;Kreisfreie Stadt Münster;51,97876112;7,705498338;29.10.2021;300;Schnellladeeinrichtung;2;DC Kupplung Combo;300;3056301006072A8648CE3D020106052B8104000A03420004BF0D9CD614D5585A7DAB95A5FF0F61EF2AE4EE30094082FA16615BBE1D032A8A1D8C91B51627D733F3AAE7CE7D98FE8F13AF9E9602F6735E729B8B3FE378CEA4;DC Kupplung Combo;300;3056301006072A8648CE3D020106052B8104000A0342000484C7C017625EE6185FFE6D318FFBCDEE8F12CB5320D7B14683101054AA71B6662428F2E555350B8166F5975FA9F3133DA12430F673F876BF5785EFCCCA97DEC6;;;;;;
Citywatt GmbH;Handorfer Straße;105;;48157;Münster;Nordrhein-Westfalen;Kreisfreie Stadt Münster;51,97876442;7,705589533;29.10.2021;300;Schnellladeeinrichtung;3;DC Kupplung Combo;300;3056301006072A8648CE3D020106052B8104000A03420004E32D678A9792141BABAE32C01ECC2D980E7AEBB13376B0FB760ABBB406D8AA56A583E3919D85145DB05A5C5175C8814CD1AFB93D3FC1A9A636A8957BDE30F952;DC Kupplung Combo;300;3056301006072A8648CE3D020106052B8104000A03420004319A29BEACCA8CC93DEF8D7D7C9BB27CB349983258ADC7659283190357EEF4B646AF5EB15B5315824E52BF81BD1EB1A0A04372471B640676FE2089A9FDEACD51;AC Steckdose Typ 2;22;3056301006072A8648CE3D020106052B8104000A0342000427815E110DD0C5FD38DBC81C0C1EA12D6C2F4562B63DF65A0491E1EA9C4F7510514F98DC6D40F3C5880B93C823BEF91B856BFA1CA6605C28881E4427894E2262;;;
Stadtwerke Münster GmbH;Zur Haskenau;81;;48157;Münster;Nordrhein-Westfalen;Kreisfreie Stadt Münster;52,016367;7,6897;22.03.2021;22;Normalladeeinrichtung;2;AC Steckdose Typ 2;22;;AC Kupplung Typ 2;22;;;;;;;
Stadtwerke Münster GmbH;Laerer Werseufer;7;;48157;Münster;Nordrhein-Westfalen;Kreisfreie Stadt Münster;51,94652;7,691269;02.02.2024;44;Normalladeeinrichtung;2;AC Steckdose Typ 2;22;;AC Steckdose Typ 2;22;;;;;;;
Germania Parkhaus GmbH & Co. KG;An der Germania Brauerei;5;;48159;Münster;Nordrhein-Westfalen;Kreisfreie Stadt Münster;51,977102;7,611447;01.12.2020;22;Normalladeeinrichtung;2;AC Steckdose Typ 2;11;;AC Steckdose Typ 2;11;;;;;;;
Germania Parkhaus GmbH & Co. KG;An der Germania Brauerei;5;;48159;Münster;Nordrhein-Westfalen;Kreisfreie Stadt Münster;51,977129;7,611522;01.12.2020;22;Normalladeeinrichtung;2;AC Steckdose Typ 2;11;;AC Steckdose Typ 2;11;;;;;;;
Restaurant Hotel Schloss Wilkinghege;Wilkinghege;41;;48159;Münster;Nordrhein-Westfalen;Kreisfreie Stadt Münster;51,98783;7,58587;30.11.2022;22;Normalladeeinrichtung;2;AC Steckdose Typ 2;11;;AC Steckdose Typ 2;11;;;;;;;
Westfalen AG;Steinfurter Str.;166;;48159;Münster;Nordrhein-Westfalen;Kreisfreie Stadt Münster;51,977606;7,5999255;15.06.2022;150;Schnellladeeinrichtung;1;DC Kupplung Combo;75;;;;;;;;;;
Westfalen AG;Steinfurter Str.;166;;48159;Münster;Nordrhein-Westfalen;Kreisfreie Stadt Münster;51,977633;7,6007736;15.06.2022;22;Normalladeeinrichtung;2;AC Steckdose Typ 2;22;;AC Steckdose Typ 2;22;;;;;;;
Autohaus Schlagheck GmbH & Co.KG;Im Derdel;4;;48161;Münster;Nordrhein-Westfalen;Kreisfreie Stadt Münster;51,951907;7,553414;19.01.2021;39,6;Normalladeeinrichtung;2;DC Kupplung Combo;22;;AC Steckdose Typ 2;11;;;;;;;
E.ON Drive GmbH;Raststätte Münsterland Ost;0;;48161;Münster;Nordrhein-Westfalen;Kreisfreie Stadt Münster;51,942285;7,550983;22.08.2019;160;Schnellladeeinrichtung;2;DC Kupplung Combo;160;;DC Kupplung Combo;160;;;;;;;
E.ON Drive GmbH;Raststätte Münsterland West;0;;48161;Münster;Nordrhein-Westfalen;Kreisfreie Stadt Münster;51,945421;7,547842;23.08.2019;160;Schnellladeeinrichtung;2;DC Kupplung Combo;160;;DC Kupplung Combo;160;;;;;;;
E.ON Drive GmbH;Münsterland Ost BAB 1;BAB 1;;48161;Münster;Nordrhein-Westfalen;Kreisfreie Stadt Münster;51,942285;7,551004;20.10.2020;160;Schnellladeeinrichtung;1;DC Kupplung Combo, DC CHAdeMO;160;;;;;;;;;;
E.ON Drive GmbH;Münsterland West BAB 1;BAB 1;;48161;Münster;Nordrhein-Westfalen;Kreisfreie Stadt Münster;51,945425;7,547842;20.10.2020;160;Schnellladeeinrichtung;1;DC Kupplung Combo, DC CHAdeMO;160;;;;;;;;;;
E.ON Drive Infrastructure;Raststätte Münsterland Ost;0;;48161;Münster;Nordrhein-Westfalen;Kreisfreie Stadt Münster;51,942285;7,550983;22.08.2019;160;Schnellladeeinrichtung;2;DC Kupplung Combo;160;;DC Kupplung Combo;160;;;;;;;
E.ON Drive Infrastructure;Raststätte Münsterland West;0;;48161;Münster;Nordrhein-Westfalen;Kreisfreie Stadt Münster;51,945421;7,547842;23.08.2019;160;Schnellladeeinrichtung;2;DC Kupplung Combo;160;;DC Kupplung Combo;160;;;;;;;
EnKL GmbH;Roxeler Straße;420;;48161;Münster;Nordrhein-Westfalen;Kreisfreie Stadt Münster;51,957796;7,572103;31.01.2020;22;Normalladeeinrichtung;2;AC Steckdose Typ 2;22;;AC Steckdose Typ 2;22;;;;;;;
EnKL GmbH;Roxeler Straße;420;;48161;Münster;Nordrhein-Westfalen;Kreisfreie Stadt Münster;51,957796;7,572103;31.01.2020;22;Normalladeeinrichtung;2;AC Steckdose Typ 2;22;;AC Steckdose Typ 2;22;;;;;;;
Pluq;Sentruper Str.;315;;48161;Münster;Nordrhein-Westfalen;Kreisfreie Stadt Münster;51,948465;7,589151;27.07.2022;22;Normalladeeinrichtung;2;AC Steckdose Typ 2;22;AMYVYDB22GGIG2C5O4I72QH6D3IPSD7Y26GTHJCG;AC Steckdose Typ 2;22;AJPUBJQSGOMCRXIN62KFRAVARXNABJO46ZDRBE7R;;;;;;
Pluq;Sentruper Str.;315;;48161;Münster;Nordrhein-Westfalen;Kreisfreie Stadt Münster;51,9848465;7,589151;27.07.2022;22;Normalladeeinrichtung;2;AC Steckdose Typ 2;22;AIQ6JYUFAGLP3YMIT6OVNOQS7LKOWRAIHUYGJUGS;AC Steckdose Typ 2;22;AJSRAJWMY7X744L3QKLQMZZUPIDRDIHKB3OOCPX6;;;;;;
Pluq;Sentruper Str.;315;;48161;Münster;Nordrhein-Westfalen;Kreisfreie Stadt Münster;51,948465;7,589151;27.07.2022;22;Normalladeeinrichtung;2;AC Steckdose Typ 2;22;AMFJBPR6CBG5PDJR6EJTILBJXKVFPB7G74ZF4AVE;AC Steckdose Typ 2;22;AO2QTZ5PW257GSAM3EJGXNQHOF4YDFE556SSJE7G;;;;;;
Ratio Erdöl GmbH & Co KG;Roxeler Str.;418;;48161;Münster;Nordrhein-Westfalen;Kreisfreie Stadt Münster;51,95694;7,56973;12.12.2016;22;Normalladeeinrichtung;2;AC Steckdose Typ 2;11;;AC Steckdose Typ 2;22;;;;;;;
THC Tennis- und Hockeyclub Münster e.V.;Dingbängerweg;349;;48161;Münster;Nordrhein-Westfalen;Kreisfreie Stadt Münster;51,9458;7,5628;20.04.2023;22;Normalladeeinrichtung;2;AC Steckdose Typ 2;11;;AC Steckdose Typ 2;11;;;;;;;
Allego GmbH;Weseler Straße;535;;48163;Münster;Nordrhein-Westfalen;Kreisfreie Stadt Münster;51,92793;7,587946;14.08.2018;93;Schnellladeeinrichtung;2;DC Kupplung Combo, DC CHAdeMO;50;;AC Kupplung Typ 2;43;;;;;;;
Hakvoort GmbH;Weseler Straße;729-735;;48163;Münster;Nordrhein-Westfalen;Kreisfreie Stadt Münster;51,92427;7,57015;01.02.2019;4,14;Normalladeeinrichtung;2;AC Steckdose Typ 2;4,14;;AC Steckdose Typ 2;4,14;;;;;;;
Knubel GmbH & Co. KG;Weseler Straße;485;Zufahrt über Mersmannstiege;48163;Münster;Nordrhein-Westfalen;Kreisfreie Stadt Münster;51,93017867;7,592022446;03.02.2020;22;Schnellladeeinrichtung;2;AC Steckdose Typ 2;22;;DC Kupplung Combo;50;;;;;;;
Knubel GmbH & Co. KG;Weseler Str.;485;Nutzfahrzeugparkplatz-ZufahrtüberWeselerStrasse;48163;Münster;Nordrhein-Westfalen;Kreisfreie Stadt Münster;51,929179;7,591481;14.04.2022;13,2;Normalladeeinrichtung;1;AC Steckdose Typ 2;11;;;;;;;;;;
Knubel GmbH & Co. KG;Weseler Str.;485;Nutzfahrzeugparkplatz-ZufahrtüberWeselerStrasse;48163;Münster;Nordrhein-Westfalen;Kreisfreie Stadt Münster;51,929198;7,591508;14.04.2022;13,2;Normalladeeinrichtung;1;AC Steckdose Typ 2;11;;;;;;;;;;
L. Stroetmann Großmärkte GmbH & Co. KG;Harkortstraße;30;;48163;Münster;Nordrhein-Westfalen;Kreisfreie Stadt Münster;51,922444;7,566931;16.03.2020;22;Normalladeeinrichtung;2;AC Steckdose Typ 2;22;;AC Steckdose Typ 2;22;;;;;;;
Michael Kuhlmann;Brockmannstraße;188;;48163;Münster;Nordrhein-Westfalen;Kreisfreie Stadt Münster;51,92723809;7,580626055;26.11.2020;11;Normalladeeinrichtung;1;AC Kupplung Typ 2;11;;;;;;;;;;
PZ Münster Knubel GmbH & Co. KG;Weseler Straße;693;;48163;Münster;Nordrhein-Westfalen;Kreisfreie Stadt Münster;51,924681;7,573521;20.12.2019;11;Normalladeeinrichtung;1;AC Steckdose Typ 2, AC Kupplung Typ 2;11;;;;;;;;;;
PZ Münster Knubel GmbH & Co. KG;Weseler Straße;693;;48163;Münster;Nordrhein-Westfalen;Kreisfreie Stadt Münster;51,924811;7,573525;20.12.2019;11;Normalladeeinrichtung;1;AC Steckdose Typ 2, AC Kupplung Typ 2;11;;;;;;;;;;
PZ Münster Knubel GmbH & Co. KG;Weseler Straße;693;;48163;Münster;Nordrhein-Westfalen;Kreisfreie Stadt Münster;51,924811;7,573525;20.12.2019;25;Schnellladeeinrichtung;1;DC Kupplung Combo;25;;;;;;;;;;
Stadtwerke Münster GmbH;Ottmarsbocholer Straße;3;;48163;Münster;Nordrhein-Westfalen;Kreisfreie Stadt Münster;51,88237;7,605865;03.08.2020;44;Normalladeeinrichtung;2;AC Steckdose Typ 2;22;;AC Steckdose Typ 2;22;;;;;;;
Stadtwerke Münster GmbH;Meyerbeerstraße;32-38;;48163;Münster;Nordrhein-Westfalen;Kreisfreie Stadt Münster;51,926007;7,577724;08.11.2021;22;Normalladeeinrichtung;2;AC Steckdose Typ 2;22;;AC Steckdose Typ 2;22;;;;;;;
TotalEnergies Charging Solutions Deutschland GmbH;Weseler Str.;729-735;DE*DES*E1002975;48163;Münster;Nordrhein-Westfalen;Kreisfreie Stadt Münster;51,93104515;7,59132735;29.09.2023;75;Schnellladeeinrichtung;2;DC Kupplung Combo;75;;AC Steckdose Typ 2;22;;;;;;;
TotalEnergies Charging Solutions Deutschland GmbH;Weseler Str.;939;DE*DES*E1003868;48163;Münster;Nordrhein-Westfalen;Kreisfreie Stadt Münster;51,618381;6,567385;31.01.2024;150;Schnellladeeinrichtung;3;DC Kupplung Combo;75;;DC Kupplung Combo;75;;AC Steckdose Typ 2;22;;;;
TotalEnergies Charging Solutions Deutschland GmbH;Hartmannsbrook;141;DE*DES*E1003870;48163;Münster;Nordrhein-Westfalen;Kreisfreie Stadt Münster;52,061379;7,579351;05.02.2024;150;Schnellladeeinrichtung;3;DC Kupplung Combo;75;;DC Kupplung Combo;75;;AC Steckdose Typ 2;22;;;;
TotalEnergies Charging Solutions Deutschland GmbH;Hartmannsbrook;141;DE*DES*E1003862;48163;Münster;Nordrhein-Westfalen;Kreisfreie Stadt Münster;52,061379;7,579351;05.02.2024;150;Schnellladeeinrichtung;3;DC Kupplung Combo;75;;DC Kupplung Combo;75;;AC Steckdose Typ 2;22;;;;
TotalEnergies Charging Solutions Deutschland GmbH;Hartmannsbrook;141;DE*DES*E1003867;48163;Münster;Nordrhein-Westfalen;Kreisfreie Stadt Münster;52,061379;7,579351;05.02.2024;150;Schnellladeeinrichtung;3;DC Kupplung Combo;75;;DC Kupplung Combo;75;;AC Steckdose Typ 2;22;;;;
Westfalen AG;Kopenhagener Str.;19;;48163;Münster;Nordrhein-Westfalen;Kreisfreie Stadt Münster;51,892241;7,5838618;19.12.2022;150;Schnellladeeinrichtung;2;DC Kupplung Combo;150;;DC Kupplung Combo;150;;;;;;;
Heinrich Hollenhorst GmbH & Co. KG;Westfalenstraße;120;;48165;Münster;Nordrhein-Westfalen;Kreisfreie Stadt Münster;51,908556;7,632741;29.09.2021;39,6;Normalladeeinrichtung;2;DC Kupplung Combo;22;;AC Steckdose Typ 2;11;;;;;;;
L. Stroetmann Lebensmittel GmbH & Co. KG;Bergiusstraße;3;;48165;Münster;Nordrhein-Westfalen;Kreisfreie Stadt Münster;51,904842;7,65273;16.03.2020;22;Normalladeeinrichtung;2;AC Steckdose Typ 2;22;;AC Steckdose Typ 2;22;;;;;;;
Stadtwerke Münster GmbH;Marktallee;83;;48165;Münster;Nordrhein-Westfalen;Kreisfreie Stadt Münster;51,904983;7,650447;03.08.2020;44;Normalladeeinrichtung;2;AC Steckdose Typ 2;22;;AC Steckdose Typ 2;22;;;;;;;
Stadtwerke Münster GmbH;Bergiusstraße;0;;48165;Münster;Nordrhein-Westfalen;Kreisfreie Stadt Münster;51,905029;7,653517;01.03.2021;22;Normalladeeinrichtung;1;AC Steckdose Typ 2;22;;;;;;;;;;
Stadtwerke Münster GmbH;Hülsebrockstraße;10;;48165;Münster;Nordrhein-Westfalen;Kreisfreie Stadt Münster;51,906581;7,650359;11.05.2021;22;Normalladeeinrichtung;1;AC Steckdose Typ 2;22;;;;;;;;;;
Stadtwerke Münster GmbH;Franz-Dahlkamp-Weg;14;;48165;Münster;Nordrhein-Westfalen;Kreisfreie Stadt Münster;51,9016085;7,6251632;05.05.2023;44;Normalladeeinrichtung;2;AC Steckdose Typ 2;22;;AC Steckdose Typ 2;22;;;;;;;
Westfalen AG;Glasuritstrasse;1;;48165;Münster;Nordrhein-Westfalen;Kreisfreie Stadt Münster;51,902145;7,6503304;01.08.2021;44;Normalladeeinrichtung;2;AC Steckdose Typ 2;22;;AC Steckdose Typ 2;22;;;;;;;
Westfalen AG;Glasuritstrasse;1;;48165;Münster;Nordrhein-Westfalen;Kreisfreie Stadt Münster;51,902078;7,6502962;01.08.2021;22;Normalladeeinrichtung;2;AC Steckdose Typ 2;22;;AC Steckdose Typ 2;22;;;;;;;
effektiva GmbH;Weichselstr.;6;;48167;Münster;Nordrhein-Westfalen;Kreisfreie Stadt Münster;51,91059189;7,715318328;01.08.2023;11;Normalladeeinrichtung;1;AC Kupplung Typ 2;11;;;;;;;;;;
Westfalen AG;Albersloher Weg;580;;48167;Münster;Nordrhein-Westfalen;Kreisfreie Stadt Münster;51,921978;7,6742283;08.06.2022;22;Normalladeeinrichtung;2;AC Steckdose Typ 2;22;;AC Steckdose Typ 2;22;;;;;;;
Lidl;An der Hiltruper Baumschule;44848;;48165;Münster-Hiltrup;Nordrhein-Westfalen;Kreisfreie Stadt Münster;51,9058669;7,6334241;14.07.2021;93;Schnellladeeinrichtung;3;AC Steckdose Typ 2, AC Kupplung Typ 2;50;;AC Kupplung Typ 2, DC Kupplung Combo;50;;AC Kupplung Typ 2, DC CHAdeMO;44;;;;
