"Objekt";"statB";"Bez";"ObjNr";"Bezeichnung";"Baujahr";"Material"
"10 12506 ÖG HAVICHHORSTSTRASSE (Alt-SP)";25;10;12506;"Tischtennisplatte";;"Stein"
"10 21201 SP GESAMTSCHULE MITTE, Katthagen";12;10;21201;"Tischtennisplatte Katthagen Neubau";2018;"Sonstige"
"10 21201 SP GESAMTSCHULE MITTE, Katthagen";12;10;21201;"Tischtennisplatte Katthagen Spielbereich";2018;"Sonstige"
"10 21501 SP MARTINISCHULE";15;10;21501;"Tischtennisplatte";;"Stein"
"10 22402 SP HANSAPLATZ";24;10;22402;"Tischtennisplatte";;"Stein"
"10 22404 SP SOESTER STRASSE";24;10;22404;"Tischtennisplatte";;"Stein"
"10 22503 SP OSTSTRASSE";25;10;22503;"Tischtennisplatte";;"Stein"
"10 22504 SP ZUMSANDEPLATZ";25;10;22504;"Tischtennisplatte";;"Beton"
"10 22504 SP ZUMSANDEPLATZ";25;10;22504;"Tisch+Bank-Kombination";;
"10 22505 SP DIEPENBROCKSTRASSE";25;10;22505;"Tischtennisplatte";;"Stein"
"10 22606 SP RJASANSTRASSE";26;10;22606;"Tischtennisplatte";2002;"Beton"
"10 22704 SP MARTIN-LUTHER-SCHULE";27;10;22704;"Tisch mit Hockern";;"Siebdruck"
"10 22706 SP TANNENBERGSTRASSE";27;10;22706;"Tischtennisplatte";;"Stein"
"10 22707 SP SCHULSTRASSE";27;10;22707;"Tischtennisplatte";2013;"Beton"
"10 22708 SP MELCHERSSTRASSE";27;10;22708;"Tischtennisplatte";;"Stein"
"10 22709 SP WICHERNSTRASSE";27;10;22709;"Tischtennisplatte";;"Beton"
"10 22710 SP MARTIN-NIEMÖLLER-PARK";27;10;22710;"Tischtennisplatte";;"Stein"
"10 22901 SP ALTER ZOO";29;10;22901;"Tischtennisplatte rund";2023;"Beton"
"10 22902 SP WILHELMSTRASSE";29;10;22902;"Tischtennisplatte";;"Sonstige"
"10 25201 SP HORSTMARER LANDWEG";52;10;25201;"Tischtennisplatte";;"Beton"
"10 25202 SP AUF DEM DRAUN";52;10;25202;"Tischtennisplatte";;"Beton"
"10 52523 VG STAUFENPLATZ";25;10;52523;"Tischtennisplatte";;"Stein"
"10 61101 ANNETTE-VON-DROSTE-HÜLSHOFF-GYMNASIUM, Grüne Gasse 38";11;10;61101;"Tischtennisplatte (rechts)";;"Stahl, verzinkt"
"10 61101 ANNETTE-VON-DROSTE-HÜLSHOFF-GYMNASIUM, Grüne Gasse 38";11;10;61101;"Tischtennisplatte (links)";;"Stahl, verzinkt"
"10 61101 ANNETTE-VON-DROSTE-HÜLSHOFF-GYMNASIUM, Grüne Gasse 38";11;10;61101;"Tischtennisplatte (rechts)";;"Stahl, verzinkt"
"10 61101 ANNETTE-VON-DROSTE-HÜLSHOFF-GYMNASIUM, Grüne Gasse 38";11;10;61101;"Tischtennisplatte (links)";;"Beton"
"10 61101 ANNETTE-VON-DROSTE-HÜLSHOFF-GYMNASIUM, Grüne Gasse 38";11;10;61101;"Tischtennisplatte (rechts)";;"Beton"
"10 61201 GESAMT-SCHULE MÜNSTER-MITTE, Jüdefelder Straße 10";12;10;61201;"Tischtennisplatte Innenhof, beim Beet";;"Beton"
"10 61201 GESAMT-SCHULE MÜNSTER-MITTE, Jüdefelder Straße 10";12;10;61201;"Tischtennisplatte Innenhof, Mitte";;"Beton"
"10 61201 GESAMT-SCHULE MÜNSTER-MITTE, Jüdefelder Straße 10";12;10;61201;"Tischtennisplatte Innenhof, bei Schaukel";;"Beton"
"10 62101 ERICH-KLAUSENER-REALSCHULE, Bismarckallee 53";21;10;62101;"Tischtennisplatte 4 am Südtrakt";;"Sonstige"
"10 62101 ERICH-KLAUSENER-REALSCHULE, Bismarckallee 53";21;10;62101;"Tischtennisplatte 5 Ostrand  Schulhof";;"Sonstige"
"10 62202 JOHANNISSCHULE, VOGEL-VON-FALKENSTEIN-STR. 4";22;10;62202;"Tischtennisplatte";;"Stein"
"10 62401 OVERBERGSCHULE";24;10;62401;"Tischtennisplatte";;"Beton"
"10 62401 OVERBERGSCHULE";24;10;62401;"Tischtennisplatte";;"Beton"
"10 62501 BODELSCHWINGH-SCHULE, Gutenbergstr.14";25;10;62501;"Tischtennisplatte";;"Stein"
"10 62601 RATSGYMNASIUM, BOHLWEG 7";26;10;62601;"Tischtennisplatte (vorne)";;"Beton"
"10 62601 RATSGYMNASIUM, BOHLWEG 7";26;10;62601;"Tischtennisplatte (hinten)";;"Beton"
"10 62702 MARTIN-LUTHER-SCHULE, COERDESTRASSE 8";27;10;62702;"Tischtennisplatte";;"Stein"
"10 62702 MARTIN-LUTHER-SCHULE, COERDESTRASSE 8";27;10;62702;"Tischtennisplatte";;"Beton"
"10 62703 SCHILLER-GYMNASIUM, GERTRUDENSTRASSE 5";27;10;62703;"Tischtennisplatte (links)";;"Beton"
"10 62703 SCHILLER-GYMNASIUM, GERTRUDENSTRASSE 5";27;10;62703;"Tischtennisplatte (mitte)";;"Beton"
"10 62704 REALSCHULE IM KREUZVIERTEL, Finkenstr.76";27;10;62704;"Tischtennisplatte (von vorne 1)";;"Beton"
"10 62704 REALSCHULE IM KREUZVIERTEL, Finkenstr.76";27;10;62704;"Tischtennisplatte (von vorne 2)";;"Beton"
"10 62704 REALSCHULE IM KREUZVIERTEL, Finkenstr.76";27;10;62704;"Tischtennisplatte (von vorne 3)";;"Beton"
"10 62704 REALSCHULE IM KREUZVIERTEL, Finkenstr.76";27;10;62704;"Tischtennisplatte (von vorne 4)";;"Beton"
"10 62704 REALSCHULE IM KREUZVIERTEL, Finkenstr.76";27;10;62704;"Tischtennisplatte (von vorne 5)";;"Beton"
"10 62705 KREUZSCHULE, SPIELPLATZ, KAMPSTR.15";27;10;62705;"Tischtennisplatte";;"Stein"
"10 62901 GYMNASIUM PAULINUM";29;10;62901;"Tischtennisplatte (links)";;"Beton"
"10 62901 GYMNASIUM PAULINUM";29;10;62901;"Tischtennisplatte (mitte)";;"Beton"
"10 62901 GYMNASIUM PAULINUM";29;10;62901;"Tischtennisplatte (rechts)";;"Beton"
"10 63101 SCHULE AN DER BECKSTRASSE 26, BECKSTR.24-26";31;10;63101;"Tischtennisplatte";;"Beton"
"10 63102 D.-BONHOEFFER-SCHULE, BONHOEFFERSTRASSE 50";31;10;63102;"Tischtennisplatte";;"Stein"
"10 63102 D.-BONHOEFFER-SCHULE, BONHOEFFERSTRASSE 50";31;10;63102;"Tischtennisplatte";;"Beton"
"10 63102 D.-BONHOEFFER-SCHULE, BONHOEFFERSTRASSE 50";31;10;63102;"Tischtennisplatte rund";;"Beton"
"10 63102 D.-BONHOEFFER-SCHULE, BONHOEFFERSTRASSE 50";31;10;63102;"Tisch ""Schach""";;"Beton"
"10 65201 THERESIENSCHULE, Sentruper Höhe 5";52;10;65201;"Tischtennisplatte";;"Beton"
"10 65201 THERESIENSCHULE, Sentruper Höhe 5";52;10;65201;"Tischtennisplatte";;"Beton"
"10 85210 UNI-KLINIK: SPIELANGEBOT in der HELEN-KELLER-SCHULE, Schmeddingstraße 54";52;10;85210;"Tischtennisplatte";;"Sonstige"
"20 23202 SP KAPPENBERGER DAMM";32;20;23202;"Tischtennisplatte";;"Beton"
"20 23203 SP MATTHIAS-CLAUDIUS-SCHULE";32;20;23203;"Tischtennisplatte (Schaukel)";;"Beton"
"20 23203 SP MATTHIAS-CLAUDIUS-SCHULE";32;20;23203;"Tischtennisplatte (Treppe)";;"Beton"
"20 23205 SP GRÜNER GRUND";32;20;23205;"Tischtennisplatte 1";;"Beton"
"20 23205 SP GRÜNER GRUND";32;20;23205;"Tischtennisplatte 2";;"Beton"
"20 23209 SP GEISTSCHULE";32;20;23209;"Tischtennisplatte rund";;"Beton"
"20 23209 SP GEISTSCHULE";32;20;23209;"Tischtennisplatte (rechts)";;"Beton"
"20 23209 SP GEISTSCHULE";32;20;23209;"Tischtennisplatte (links)";;"Beton"
"20 23301 SP SÜDPARK";33;20;23301;"Tisch ""Mensch ärger dich nicht""";;"Beton"
"20 23301 SP SÜDPARK";33;20;23301;"Tisch ""Schach""";;"Beton"
"20 23301 SP SÜDPARK";33;20;23301;"Tisch (Seilbahn)";;"Beton"
"20 23303 SP DAHLWEG";33;20;23303;"Tischtennisplatte";;"Beton"
"20 23304 SP HERDINGSTRASSE";33;20;23304;"Tischtennisplatte";;"Beton"
"20 23305 SP SCHÜTZENHOF";33;20;23305;"Tischtennisplatte";;"Beton"
"20 23407 SP SEPPENRADEWEG";34;20;23407;"Tischtennisplatte";;"Beton"
"20 23409 SP SPICHERNSTRASSE";34;20;23409;"Tischtennisplatte rund";;"Beton"
"20 25402 SP SCHWARZER KAMP";54;20;25402;"Tisch mit Hockern";;"Beton"
"20 25402 SP SCHWARZER KAMP";54;20;25402;"Tischtennisplatte (Bank)";;"Beton"
"20 25405 SP CHRISTOPH-BERNHARD-GRABEN (SP WESTENKAMP)";54;20;25405;"Tischtennisplatte";;"Beton"
"20 25406 SP HEROLDSTRASSE (HEIDBUSCH)";54;20;25406;"Tischtennisplatte";;"Beton"
"20 25406 SP HEROLDSTRASSE (HEIDBUSCH)";54;20;25406;"Tisch+Bank-Kombination";2019;
"20 25409 SP IM LANDSCHAFTSPARK MECKLENBECK";54;20;25409;"Tischtennisplatte rund";;"Beton"
"20 25603 SP AM BLÜTENHAIN";56;20;25603;"Tisch+Bank-Kombination";;"Holz, lackiert"
"20 25605 SP AM KÄMPKEN";56;20;25605;"Tischtennisplatte";;"Beton"
"20 25605 SP AM KÄMPKEN";56;20;25605;"Tischtennisplatte (Hügel)";;"Beton"
"20 25607 SP HAUS WIEK";56;20;25607;"Tischtennisplatte";;"Beton"
"20 29602 SP IM DAHL";96;20;29602;"Tischtennisplatte";;"Beton"
"20 29605 SP HANSES-KETTELER-STRASSE";96;20;29605;"Tischtennisplatte";;"Beton"
"20 29704 SP HÖLDERLINWEG";97;20;29704;"Tischtennisplatte";;"Beton"
"20 29705 SP MALTESERSTRASSE";97;20;29705;"Tischtennisplatte";;"Beton"
"20 29709 SP AN DER ALTEN KIRCHE";96;20;29709;"Tischtennisplatte (links)";;"Beton"
"20 29801 SP LANGE KUHLE";98;20;29801;"Tischtennisplatte";;"Beton"
"20 29804 SP ALTE FURT";98;20;29804;"Tischtennisplatte (Fahrradständer)";;"Beton"
"20 29804 SP ALTE FURT";98;20;29804;"Tischtennisplatte (Gebäude)";;"Beton"
"20 29805 SP ARNIKAWEG";98;20;29805;"Tischtennisplatte";;"Beton"
"20 63301 HERMANN-SCHULE, DAHLWEG 66";33;20;63301;"Tischtennisplatte";;"Beton"
"20 63301 HERMANN-SCHULE, DAHLWEG 66";33;20;63301;"Tischtennisplatte";;"Beton"
"20 63401 GOTTFRIED-VON-CAPPENBERG-SCHULE, GLATZER WEG 9";34;20;63401;"Tischtennisplatte (vorne)";;"Beton"
"20 63401 GOTTFRIED-VON-CAPPENBERG-SCHULE, GLATZER WEG 9";34;20;63401;"Tischtennisplatte (hinten)";;"Beton"
"20 63402 ERNA-DE-VRIES-SCHULE, SPICHERNSTRASSE 17";34;20;63402;"Tischtennisplatte (links)";;"Beton"
"20 63402 ERNA-DE-VRIES-SCHULE, SPICHERNSTRASSE 17";34;20;63402;"Tischtennisplatte (rechts)";;"Beton"
"20 63402 ERNA-DE-VRIES-SCHULE, SPICHERNSTRASSE 17";34;20;63402;"Tischtennisplatte (vorne)";;"Beton"
"20 63402 ERNA-DE-VRIES-SCHULE, SPICHERNSTRASSE 17";34;20;63402;"Tischtennisplatte (hinten)";;"Beton"
"20 65401 PETER-WUST-SCHULE, DINGBÄNGERWEG 80";54;20;65401;"Tischtennisplatte rund";;"Beton"
"20 65401 PETER-WUST-SCHULE, DINGBÄNGERWEG 80";54;20;65401;"Tischtennisplatte";;"Beton"
"20 65401 PETER-WUST-SCHULE, DINGBÄNGERWEG 80";54;20;65401;"Tischtennisplatte (Schulhof)";;"Beton"
"20 65601 LUDGERUSSCHULE ALBACHTEN, HOHE GEIST 8";56;20;65601;"Tischtennisplatte (Spielfläche)";;"Beton"
"20 65601 LUDGERUSSCHULE ALBACHTEN, HOHE GEIST 8";56;20;65601;"Tischtennisplatte rund";;"Beton"
"20 65601 LUDGERUSSCHULE ALBACHTEN, HOHE GEIST 8";56;20;65601;"Tischtennisplatte (Fahrradständer)";;"Beton"
"20 65601 LUDGERUSSCHULE ALBACHTEN, HOHE GEIST 8";56;20;65601;"Tischtennisplatte (Gebäude)";;"Beton"
"20 69101 PRIMUSSCHULE BERG FIDEL, HOGENBERGSTRASSE 160";91;20;69101;"Tischtennisplatte (Wande ""Kamel"")";;"Beton"
"20 69101 PRIMUSSCHULE BERG FIDEL, HOGENBERGSTRASSE 160";91;20;69101;"Tischtennisplatte";;"Beton"
"20 69601 HAUPTSCHULE HILTRUP, WESTFALENSTRASSE 199";96;20;69601;"Tischtennisplatte";;"Beton"
"20 69601 HAUPTSCHULE HILTRUP, WESTFALENSTRASSE 199";96;20;69601;"Tischtennisplatte";;"Beton"
"20 69601 HAUPTSCHULE HILTRUP, WESTFALENSTRASSE 199";96;20;69601;"Tischtennisplatte";;"Beton"
"20 69601 HAUPTSCHULE HILTRUP, WESTFALENSTRASSE 199";96;20;69601;"Tischtennisplatte";;"Beton"
"20 69601 HAUPTSCHULE HILTRUP, WESTFALENSTRASSE 199";96;20;69601;"Tischtennisplatte";;"Beton"
"20 69604 CLEMENS-+PAUL-GERHARDT-SCHULE, UNCKEL-/BODELSCHWINGH-STRASSE";96;20;69604;"Tischtennisplatte rund";;"Beton"
"20 69604 CLEMENS-+PAUL-GERHARDT-SCHULE, UNCKEL-/BODELSCHWINGH-STRASSE";96;20;69604;"Tischtennisplatte (am Bauwerksgerüst)";;"Beton"
"20 69604 CLEMENS-+PAUL-GERHARDT-SCHULE, UNCKEL-/BODELSCHWINGH-STRASSE";96;20;69604;"Tischtennisplatte (Schulhof Mitte)";;"Beton"
"20 69604 CLEMENS-+PAUL-GERHARDT-SCHULE, UNCKEL-/BODELSCHWINGH-STRASSE";96;20;69604;"Tischtennisplatte (Johannesschule links)";;"Beton"
"20 69604 CLEMENS-+PAUL-GERHARDT-SCHULE, UNCKEL-/BODELSCHWINGH-STRASSE";96;20;69604;"Tischtennisplatte (Johannesschule rechts)";;"Beton"
"20 69701 LUDGERUSSCHULE HILTR; A.D.ALTEN KIRCHE 161";97;20;69701;"Tischtennisplatte (rechts)";;"Beton"
"20 69701 LUDGERUSSCHULE HILTR; A.D.ALTEN KIRCHE 161";97;20;69701;"Tischtennisplatte (mitte)";;"Beton"
"20 69701 LUDGERUSSCHULE HILTR; A.D.ALTEN KIRCHE 161";97;20;69701;"Tischtennisplatte (links)";;"Beton"
"20 69802 GRUNDSCHULE LOEVELINGLOH, WIEDAUSTRASSE 114";98;20;69802;"Tischtennisplatte";;"Beton"
"20 83301 BETREUTER SPIELPLATZ SÜDPARK 'ABI', DAHLWEG 3";33;20;83301;"Tischtennisplatte";;"Beton"
"30 24601 SP STETTINER STRASSE";46;30;24601;"Tischtennisplatte";;"Beton"
"30 24605 SP VIVALDISTRASSE";46;30;24605;"Tischtennisplatte";;"Beton"
"30 24606 SP GLUCKWEG";46;30;24606;"Tisch mit Hockern";;"Siebdruck"
"30 24607 SP THOMAS-MORUS-SCHULE";46;30;24607;"Tischtennisplatte (rechts)";;"Beton"
"30 24607 SP THOMAS-MORUS-SCHULE";46;30;24607;"Tischtennisplatte (links)";;"Beton"
"30 24707 SP STADTPARK WIENBURG";47;30;24707;"Tischtennisplatte rund";2018;"Beton"
"30 24708 SP DREIZEHNER-STRASSE";47;30;24708;"Tischtennisplatte";2002;"Beton"
"30 25101 SP POTSTIEGE";51;30;25101;"Tischtennisplatte";;"Beton"
"30 25103 SP MÖLLMANNSWEG";51;30;25103;"Tischtennisplatte";;"Beton"
"30 25105 SP GIEVENBACHTAL";51;30;25105;"Tisch";;"HPL"
"30 25106 SP BRUCHFELDWEG";51;30;25106;"Tischtennisplatte";;"Beton"
"30 25117 SP MERGELBERG-NORD";51;30;25117;"Tischtennisplatte (Balancierseil)";2001;"Beton"
"30 25117 SP MERGELBERG-NORD";51;30;25117;"Tischtennisplatte (Unterstand)";2001;"Beton"
"30 25708 SP KORBMACHERWEG";57;30;25708;"Tischtennisplatte";;"Beton"
"30 25709 SP SCHULCAMPUS ROXEL";57;30;25709;"Tischtennisplatte rund";;"Beton"
"30 25709 SP SCHULCAMPUS ROXEL";57;30;25709;"Tischtennisplatte (von links 1)";;"Beton"
"30 25709 SP SCHULCAMPUS ROXEL";57;30;25709;"Tischtennisplatte (von links 2)";;"Beton"
"30 25709 SP SCHULCAMPUS ROXEL";57;30;25709;"Tischtennisplatte (von links 3)";;"Beton"
"30 25709 SP SCHULCAMPUS ROXEL";57;30;25709;"Tischtennisplatte (von links 4)";;"Beton"
"30 25709 SP SCHULCAMPUS ROXEL";57;30;25709;"Tischtennisplatte";;"Stein"
"30 25807 SP AM HAUS NIENBERGE";58;30;25807;"Tischtennisplatte";;"Beton"
"30 25809 SP HÄGER, Hägerstraße";58;30;25809;"Tischtennisplatte";;"Beton"
"30 26106 SP NERZWEG";61;30;26106;"Tischtennisplatte";;"Beton"
"30 26106 SP NERZWEG";61;30;26106;"Tischtennisplatte";;"Beton"
"30 26112 SP AN DER MEERWIESE-MITTE";61;30;26112;"Tischtennisplatte";;"Beton"
"30 26302 SP KILLINGSTRASSE";63;30;26302;"Tischtennisplatte";;"Beton"
"30 26302 SP KILLINGSTRASSE";63;30;26302;"Tisch mit Hockern";;
"30 26304 SP ARNETHSTRASSE";63;30;26304;"Tisch mit Hockern";;"Siebdruck"
"30 26305 SP SPRICKMANNSTRASSE 10";63;30;26305;"Tisch mit Hockern";;
"30 26309 SP ALTE SCHANZE";63;30;26309;"Tischtennisplatte";;"Sonstige"
"30 26313 SP NORDMARK";63;30;26313;"Tischtennisplatte";;"Beton"
"30 56122 VG HAMANNPLATZ";61;30;56122;"Tischtennisplatte";;"Beton"
"30 56351 VG SCHMALOERS BUSCH";63;30;56351;"Tischtennisplatte";;"Beton"
"30 64701 DREIFALTIGKEITSSCHULE, FRIESENRING 25";47;30;64701;"Tischtennisplatte West";;"Sonstige"
"30 64701 DREIFALTIGKEITSSCHULE, FRIESENRING 25";47;30;64701;"Tischtennisplatte Ost";;"Sonstige"
"30 64702 PASCAL-GYMNASIUM, Uppenkampstiege 17";47;30;64702;"Tischtennisplatte";;
"30 64702 PASCAL-GYMNASIUM, Uppenkampstiege 17";47;30;64702;"Tischtennisplatte";;
"30 64702 PASCAL-GYMNASIUM, Uppenkampstiege 17";47;30;64702;"Tischtennisplatte";;
"30 65101 MICHAELSCHULE, Appelbreistiege 40";51;30;65101;"Tischtennisplatte";;"Beton"
"30 65101 MICHAELSCHULE, Appelbreistiege 40";51;30;65101;"Tischtennisplatte rund";;"Beton"
"30 65101 MICHAELSCHULE, Appelbreistiege 40";51;30;65101;"Tischtennisplatte (Tischtennisplatte rund)";;"Beton"
"30 65101 MICHAELSCHULE, Appelbreistiege 40";51;30;65101;"Tischtennisplatte";;"Beton"
"30 65103 MOSAIKSCHULE, DIECKMANNSTRASSE 131";51;30;65103;"Tischtennisplatte (Straße)";;"Beton"
"30 65103 MOSAIKSCHULE, DIECKMANNSTRASSE 131";51;30;65103;"Tischtennisplatte";;"Beton"
"30 65104 FREIHERR-VOM-STEIN-GYMNASIUM, DIECKMANNSTR.141";51;30;65104;"Tischtennisplatte rund";;"Beton"
"30 65104 FREIHERR-VOM-STEIN-GYMNASIUM, DIECKMANNSTR.141";51;30;65104;"Tischtennisplatte (Tischtennisplatte rund)";;"Beton"
"30 65104 FREIHERR-VOM-STEIN-GYMNASIUM, DIECKMANNSTR.141";51;30;65104;"Tischtennisplatte (Sportplatz)";;"Beton"
"30 65104 FREIHERR-VOM-STEIN-GYMNASIUM, DIECKMANNSTR.141";51;30;65104;"Tischtennisplatte (Basketballständer)";;"Beton"
"30 65703 MARIENSCHULE ROXEL, AUF DEM DORN 17";57;30;65703;"Tischtennisplatte";;"Beton"
"30 65703 MARIENSCHULE ROXEL, AUF DEM DORN 17";57;30;65703;"Tischtennisplatte";;"Beton"
"30 65704 AUGUSTIN-WIBBELT-SCHULE, AUF DEM DORN 14, ROXEL";57;30;65704;"Tischtennisplatte (Basketballkorb)";;"Beton"
"30 65704 AUGUSTIN-WIBBELT-SCHULE, AUF DEM DORN 14, ROXEL";57;30;65704;"Tischtennisplatte (Turmkombination)";;"Beton"
"30 65801 ANNETTE-VON-DROSTE-HÜLSHOFF-SCHULE NIENBERGE";58;30;65801;"Tischtennisplatte";;"Beton"
"30 65801 ANNETTE-VON-DROSTE-HÜLSHOFF-SCHULE NIENBERGE";58;30;65801;"Tischtennisplatte (Tischtennisplatte rund)";;"Beton"
"30 65801 ANNETTE-VON-DROSTE-HÜLSHOFF-SCHULE NIENBERGE";58;30;65801;"Tischtennisplatte rund";;"Beton"
"30 66102 MELANCHTONSCHULE, KÖNIGSBERGER STRASSE 91";61;30;66102;"Tischtennisplatte";;"Beton"
"30 66103 HAUPTSCHULE COERDE, DACHSLEITE 32";61;30;66103;"Tischtennisplatte (vorne)";;"Beton"
"30 66103 HAUPTSCHULE COERDE, DACHSLEITE 32";61;30;66103;"Tischtennisplatte (hinten)";;"Beton"
"30 66103 HAUPTSCHULE COERDE, DACHSLEITE 32";61;30;66103;"Tischtennisplatte (Treppe)";;"Beton"
"30 66104 NORBERTSCHULE, AN DER MEERWIESE 7";61;30;66104;"Tischtennisplatte";;"Beton"
"30 66104 NORBERTSCHULE, AN DER MEERWIESE 7";61;30;66104;"Tischtennisplatte";;"Beton"
"30 66201 GERTRUDEN-/P-SCHNEIDER-SCHULE,PASTORSESCH 34";62;30;66201;"Tischtennisplatte rund";2006;"Beton"
"30 66202 KOMPASSSCHULE, BRÖDERICHWEG 36";62;30;66202;"Tischtennisplatte";;"Beton"
"30 66202 KOMPASSSCHULE, BRÖDERICHWEG 36";62;30;66202;"Tischtennisplatte";;"Sonstige"
"30 66301 GRUNDSCHULE-KINDERH.-W; J.-BECKMANN-STR.33";63;30;66301;"Tischtennisplatte (links)";;"Beton"
"30 66301 GRUNDSCHULE-KINDERH.-W; J.-BECKMANN-STR.33";63;30;66301;"Tischtennisplatte (links vorne)";;"Beton"
"30 66301 GRUNDSCHULE-KINDERH.-W; J.-BECKMANN-STR.33";63;30;66301;"Tischtennisplatte (links hinten)";;"Beton"
"30 66301 GRUNDSCHULE-KINDERH.-W; J.-BECKMANN-STR.33";63;30;66301;"Tischtennisplatte (rechts vorne)";;"Beton"
"30 66301 GRUNDSCHULE-KINDERH.-W; J.-BECKMANN-STR.33";63;30;66301;"Tischtennisplatte (rechts hinten)";;"Beton"
"30 66302 WALDSCHULE KINDERHAUS, GROSSE WIESE 14";63;30;66302;"Tischtennisplatte";;"Beton"
"30 66302 WALDSCHULE KINDERHAUS, GROSSE WIESE 14";63;30;66302;"Tischtennisplatte (Schaukel)";;"Beton"
"30 66302 WALDSCHULE KINDERHAUS, GROSSE WIESE 14";63;30;66302;"Tischtennisplatte (links)";;"Beton"
"30 66302 WALDSCHULE KINDERHAUS, GROSSE WIESE 14";63;30;66302;"Tischtennisplatte (rechts)";;"Beton"
"30 66302 WALDSCHULE KINDERHAUS, GROSSE WIESE 14";63;30;66302;"Tischtennisplatte";;
"30 66303 SCHULZENTR. KI-HAUS: GRUND+REALSCHULE+GYMN., v-Humboldt-Str.14";63;30;66303;"Tischtennisplatte";;"Beton"
"30 66303 SCHULZENTR. KI-HAUS: GRUND+REALSCHULE+GYMN., v-Humboldt-Str.14";63;30;66303;"Tischtennisplatte (vorne)";;"Beton"
"30 66303 SCHULZENTR. KI-HAUS: GRUND+REALSCHULE+GYMN., v-Humboldt-Str.14";63;30;66303;"Tischtennisplatte (hinten)";;"Beton"
"30 66801 GRUNDSCHULE SPRAKEL, IN DER AU 3";68;30;66801;"Tischtennisplatte";;
"30 66801 GRUNDSCHULE SPRAKEL, IN DER AU 3";68;30;66801;"Tischtennisplatte";;
"30 74601 KITA AN DER GARTENSTRASSE, Nr.194";46;30;74601;"Tisch";;"Beton"
"30 84705 ATLANTIS, WIENBURGSTRASSE";47;30;84705;"Tisch mit Hockern";;
"30 84705 ATLANTIS, WIENBURGSTRASSE";47;30;84705;"Tisch mit Hockern";;
"40 24401 SP HUBERTISTRASSE";44;40;24401;"Tischtennisplatte";2021;"Sonstige"
"40 24408 SP MAURITZ-LINDENWEG";44;40;24408;"Tischtennisplatte rund";2018;"Beton"
"40 24502 SP WIENER STRASSE";45;40;24502;"Tischtennisplatte rund";;"Beton"
"40 24506 SP PÖTTERHOEK";45;40;24506;"Tischtennisplatte";;"Beton"
"40 24507 SP ADMIRAL-SPEE-STRASSE";45;40;24507;"Tischtennisplatte";;"Beton"
"40 24507 SP ADMIRAL-SPEE-STRASSE";45;40;24507;"Tischtennisplatte";;
"40 27103 SP MARGARETENSCHULE, BRENTANOWEG 18";71;40;27103;"Tischtennisplatte";;"Beton"
"40 27105 SP PARKALLEE";71;40;27105;"Tischtennisplatte";;"Beton"
"40 27106 SP HEGERSKAMP";71;40;27106;"Tischtennisplatte";;"Beton"
"40 27108 SP HANS-BREDOW-WEG";71;40;27108;"Tischtennisplatte";;
"40 27703 SP AM HORNBACH";77;40;27703;"Tischtennisplatte rund";2001;"Beton"
"40 27708 SP TOMKOTTEN";77;40;27708;"Tischtennisplatte (rechts)";;"Beton"
"40 27708 SP TOMKOTTEN";77;40;27708;"Tischtennisplatte (links)";;"Beton"
"40 28101 SP AM LÜTKEBACH";81;40;28101;"Tischtennisplatte";2004;"Beton"
"40 28103 SP KRÖGERWEG";81;40;28103;"Tischtennisplatte (vorne)";;"Beton"
"40 28103 SP KRÖGERWEG";81;40;28103;"Tischtennisplatte (hinten)";;"Beton"
"40 28204 SP ANGELMODDER WEG";82;40;28204;"Tischtennisplatte rund";;"Beton"
"40 28603 SP BIRKENHEIDE II";86;40;28603;"Tischtennisplatte";;"Beton"
"40 28605 SP VOGELROHRSHEIDE";86;40;28605;"Tischtennisplatte rund";;"Beton"
"40 28609 SP HAUS ANGELMODDE";86;40;28609;"Tischtennisplatte";;"Beton"
"40 28611 SP OSTPREUSSENSTRASSE";86;40;28611;"Tischtennisplatte";2020;"Sonstige"
"40 28709 SP AM BERLER KAMP";87;40;28709;"Tischtennisplatte";;"Beton"
"40 28710 SP GOLDBRINK";87;40;28710;"Tischtennisplatte";;"Beton"
"40 28710 SP GOLDBRINK";87;40;28710;"Tisch mit Hockern";;
"40 28711 SP ZUR WALBEKE";87;40;28711;"Tisch mit Hockern";;"Siebdruck"
"40 29505 SP DAHLIENWEG";95;40;29505;"Tischtennisplatte";;"Beton"
"40 29506 SP AM ROGGENKAMP";95;40;29506;"Tischtennisplatte";;"Beton"
"40 64401 ALBERT-SCHWEITZER-SCHULE, Manfred-von-Richthofen-Str.49";44;40;64401;"Tischtennisplatte";;
"40 64402 MATHILDE-ANNEKE-GESAMTSCHULE, AndreasHofer-Straße 30";44;40;64402;"Tischtennisplatte";;"Beton"
"40 64402 MATHILDE-ANNEKE-GESAMTSCHULE, AndreasHofer-Straße 30";44;40;64402;"Tischtennisplatte";;"Beton"
"40 64403 OBERSTUFENHAUS MATHILDE-ANNEKE-GESAMTSCHULE, Manfred-von-Richthofen-Str.42";44;40;64403;"Tischtennisplatte (bei Kletterwand)";;"Beton"
"40 64403 OBERSTUFENHAUS MATHILDE-ANNEKE-GESAMTSCHULE, Manfred-von-Richthofen-Str.42";44;40;64403;"Tischtennisplatte (Technikraum)";;"Beton"
"40 64403 OBERSTUFENHAUS MATHILDE-ANNEKE-GESAMTSCHULE, Manfred-von-Richthofen-Str.42";44;40;64403;"Tischtennisplatte";;"Beton"
"40 64501 MAURITZ-SCHULE, Stiftsstr. 19";45;40;64501;"Tischtennisplatte";;"Beton"
"40 64501 MAURITZ-SCHULE, Stiftsstr. 19";45;40;64501;"Tischtennisplatte";;"Beton"
"40 64501 MAURITZ-SCHULE, Stiftsstr. 19";45;40;64501;"Tischtennisplatte";;"Beton"
"40 64502 PÖTTERHOEKSCHULE, PÖTTERHOOK 49";45;40;64502;"Tischtennisplatte";;"Beton"
"40 64503 ERICH-KÄSTNER-SCHULE, Pötterhoek 44";45;40;64503;"Tischtennisplatte";;"Beton"
"40 67101 PLEISTER-SCHULE";71;40;67101;"Tischtennisplatte (Basketballständer)";;"Beton"
"40 67101 PLEISTER-SCHULE";71;40;67101;"Tischtennisplatte";;"Beton"
"40 67102 MARGARETEN-SCHULE, BRENTANOWEG 18";71;40;67102;"Tischtennisplatte";;"Beton"
"40 67103 R.-VON-WEIZSÄCKER-SCHULE, LAERER LANDWEG 153";71;40;67103;"Tischtennisplatte";;"Beton"
"40 67103 R.-VON-WEIZSÄCKER-SCHULE, LAERER LANDWEG 153";71;40;67103;"Tischtennisplatte";;"Sonstige"
"40 67601 GRUNDSCHULE GELMER, Gelmerheide 3";76;40;67601;"Tischtennisplatte rund";;"Beton"
"40 67601 GRUNDSCHULE GELMER, Gelmerheide 3";76;40;67601;"Tischtennisplatte";;"Beton"
"40 67701 MATTHIAS-CLAUDIUS-SCHULE HANDORF, Drostestraße 7";77;40;67701;"Tischtennisplatte (Einfahrt)";;"Beton"
"40 67701 MATTHIAS-CLAUDIUS-SCHULE HANDORF, Drostestraße 7";77;40;67701;"Tischtennisplatte (Papierkorb)";;"Beton"
"40 67702 KARDINAL-VON-GALEN SCHULE, LUDWIG-WOLKER-STRASSE 13";77;40;67702;"Tischtennisplatte rund";;"Beton"
"40 67702 KARDINAL-VON-GALEN SCHULE, LUDWIG-WOLKER-STRASSE 13";77;40;67702;"Tischtennisplatte (rechts)";;"Beton"
"40 67702 KARDINAL-VON-GALEN SCHULE, LUDWIG-WOLKER-STRASSE 13";77;40;67702;"Tischtennisplatte (links)";;"Beton"
"40 68201 IDASCHULE, VÖRNSTE ESCH 19";82;40;68201;"Tischtennisplatte";;"Stein"
"40 68201 IDASCHULE, VÖRNSTE ESCH 19";82;40;68201;"Tischtennisplatte";;"Stein"
"40 68202 PESTALOZZISCHULE, ANTON-KNUBEL-WEG 10-12";82;40;68202;"Tischtennisplatte";;"Beton"
"40 68601 EICHENDORFF-SCHULE";86;40;68601;"Tischtennisplatte";;"Beton"
"40 68601 EICHENDORFF-SCHULE";86;40;68601;"Tischtennisplatte";;"Beton"
"40 68602 ANNETTE-VON-DROSTE-HÜLSHOFF-SCHULE ANGELM.";86;40;68602;"Tischtennisplatte";;"Beton"
"40 68701 SCHULZENTRUM WOLBECK (HS, RS, Gym.)";87;40;68701;"Tischtennisplatte";;"Beton"
"40 68701 SCHULZENTRUM WOLBECK (HS, RS, Gym.)";87;40;68701;"Tischtennisplatte (Torwand)";;"Beton"
"40 68701 SCHULZENTRUM WOLBECK (HS, RS, Gym.)";87;40;68701;"Tischtennisplatte";;"Beton"
"40 68701 SCHULZENTRUM WOLBECK (HS, RS, Gym.)";87;40;68701;"Tischtennisplatte (Betonstufenanlage)";;"Beton"
"40 68701 SCHULZENTRUM WOLBECK (HS, RS, Gym.)";87;40;68701;"Tischtennisplatte (mitte)";;"Beton"
"40 68701 SCHULZENTRUM WOLBECK (HS, RS, Gym.)";87;40;68701;"Tischtennisplatte";;"Beton"
"40 68701 SCHULZENTRUM WOLBECK (HS, RS, Gym.)";87;40;68701;"Tischtennisplatte (links)";;"Beton"
"40 68701 SCHULZENTRUM WOLBECK (HS, RS, Gym.)";87;40;68701;"Tischtennisplatte";;"Beton"
"40 68701 SCHULZENTRUM WOLBECK (HS, RS, Gym.)";87;40;68701;"Tischtennisplatte (Fahrradständer)";;"Beton"
"40 68704 NIKOLAISCHULE";87;40;68704;"Tischtennisplatte";;"Beton"
"40 68704 NIKOLAISCHULE";87;40;68704;"Tischtennisplatte";;"Beton"
"40 69501 MARIEN-SCHULE HILTRUP, LODDENWEG 12";95;40;69501;"Tischtennisplatte (rechts)";;"Beton"
"40 69501 MARIEN-SCHULE HILTRUP, LODDENWEG 12";95;40;69501;"Tischtennisplatte (links)";;"Beton"
"40 87103 UNTERKUNFT WARENDORFER STR. 265, 267, 269";71;40;87103;"Tischtennisplatte";2015;"Beton"
"40 87706 JUGENEINRICHTUNG DREI EICHEN";77;40;87706;"Tischtennisplatte";;"Beton"
